[38;5;159m[Genesis] [04:40:28] [INFO] [38;5;121m╭───────────────────────────────────────────────╮[0m[38;5;159m[0m
[38;5;159m[Genesis] [04:40:28] [INFO] [38;5;121m│┈┉┈┉┈┉┈┉┈┉┈┉┈┉┈┉┈┉┈[0m[38;5;159m [38;5;121m[1m[3mGenesis[0m[38;5;159m [38;5;121m┈┉┈┉┈┉┈┉┈┉┈┉┈┉┈┉┈┉┈│[0m[38;5;159m[0m
[38;5;159m[Genesis] [04:40:28] [INFO] [38;5;121m╰───────────────────────────────────────────────╯[0m[38;5;159m[0m
[38;5;159m[Genesis] [04:40:28] [INFO] Running on [38;5;121m[4m[NVIDIA GeForce RTX 4070 Laptop GPU][0m[38;5;159m with backend [38;5;121m[4mgs.cuda[0m[38;5;159m. Device memory: [38;5;121m[4m7.62[0m[38;5;159m GB.[0m
[38;5;159m[Genesis] [04:40:28] [INFO] 🚀 Genesis initialized. 🔖 version: [38;5;121m[4m1.3.3[0m[38;5;159m, 🎨 theme: [38;5;121m[4mdark[0m[38;5;159m, 🌱 seed: [38;5;121m[4mNone[0m[38;5;159m, 🐛 debug: [38;5;121m[4mFalse[0m[38;5;159m, 📏 precision: [38;5;121m[4m32[0m[38;5;159m, 🔥 performance: [38;5;121m[4mTrue[0m[38;5;159m, 💬 verbose: [38;5;121m[4mINFO[0m[38;5;159m[0m
[38;5;159m[Genesis] [04:40:31] [INFO] Scene [38;5;121m[3m<2b88ade>[0m[38;5;159m created.[0m
[38;5;159m[Genesis] [04:40:31] [INFO] Adding [38;5;121m<gs.engine.entities.RigidEntity>[0m[38;5;159m. idx: [38;5;121m0[0m[38;5;159m, uid: [38;5;121m[3m<c643437>[0m[38;5;159m, morph: [38;5;121m<gs.morphs.Plane>[0m[38;5;159m, material: [38;5;121m<gs.materials.Rigid>[0m[38;5;159m.[0m
[38;5;159m[Genesis] [04:40:31] [INFO] Adding [38;5;121m<gs.engine.entities.RigidEntity>[0m[38;5;159m. idx: [38;5;121m1[0m[38;5;159m, uid: [38;5;121m[3m<dd9c7ba>[0m[38;5;159m, morph: [38;5;121m<gs.morphs.Box>[0m[38;5;159m, material: [38;5;121m<gs.materials.Rigid>[0m[38;5;159m.[0m
[38;5;159m[Genesis] [04:40:31] [INFO] Adding [38;5;121m<gs.engine.entities.RigidEntity>[0m[38;5;159m. idx: [38;5;121m2[0m[38;5;159m, uid: [38;5;121m[3m<e3c8474>[0m[38;5;159m, morph: [38;5;121m<gs.morphs.Box>[0m[38;5;159m, material: [38;5;121m<gs.materials.Rigid>[0m[38;5;159m.[0m
[38;5;159m[Genesis] [04:40:31] [INFO] Adding [38;5;121m<gs.engine.entities.RigidEntity>[0m[38;5;159m. idx: [38;5;121m3[0m[38;5;159m, uid: [38;5;121m[3m<640aa7e>[0m[38;5;159m, morph: [38;5;121m<gs.morphs.Box>[0m[38;5;159m, material: [38;5;121m<gs.materials.Rigid>[0m[38;5;159m.[0m
[38;5;159m[Genesis] [04:40:31] [INFO] Adding [38;5;121m<gs.engine.entities.RigidEntity>[0m[38;5;159m. idx: [38;5;121m4[0m[38;5;159m, uid: [38;5;121m[3m<b03f7a1>[0m[38;5;159m, morph: [38;5;121m<gs.morphs.Box>[0m[38;5;159m, material: [38;5;121m<gs.materials.Rigid>[0m[38;5;159m.[0m
[38;5;159m[Genesis] [04:40:31] [INFO] Adding [38;5;121m<gs.engine.entities.RigidEntity>[0m[38;5;159m. idx: [38;5;121m5[0m[38;5;159m, uid: [38;5;121m[3m<018eeab>[0m[38;5;159m, morph: [38;5;121m<gs.morphs.Box>[0m[38;5;159m, material: [38;5;121m<gs.materials.Rigid>[0m[38;5;159m.[0m
[38;5;159m[Genesis] [04:40:31] [INFO] Adding [38;5;121m<gs.engine.entities.RigidEntity>[0m[38;5;159m. idx: [38;5;121m6[0m[38;5;159m, uid: [38;5;121m[3m<9f7f09d>[0m[38;5;159m, morph: [38;5;121m<gs.morphs.Box>[0m[38;5;159m, material: [38;5;121m<gs.materials.Rigid>[0m[38;5;159m.[0m
[38;5;159m[Genesis] [04:40:31] [INFO] Adding [38;5;121m<gs.engine.entities.RigidEntity>[0m[38;5;159m. idx: [38;5;121m7[0m[38;5;159m, uid: [38;5;121m[3m<ffadc8c>[0m[38;5;159m, morph: [38;5;121m<gs.morphs.Box>[0m[38;5;159m, material: [38;5;121m<gs.materials.Rigid>[0m[38;5;159m.[0m
[38;5;159m[Genesis] [04:40:31] [INFO] Adding [38;5;121m<gs.engine.entities.RigidEntity>[0m[38;5;159m. idx: [38;5;121m8[0m[38;5;159m, uid: [38;5;121m[3m<5ecece6>[0m[38;5;159m, morph: [38;5;121m<gs.morphs.Box>[0m[38;5;159m, material: [38;5;121m<gs.materials.Rigid>[0m[38;5;159m.[0m
[38;5;159m[Genesis] [04:40:31] [INFO] Adding [38;5;121m<gs.engine.entities.RigidEntity>[0m[38;5;159m. idx: [38;5;121m9[0m[38;5;159m, uid: [38;5;121m[3m<80a9650>[0m[38;5;159m, morph: [38;5;121m<gs.morphs.Box>[0m[38;5;159m, material: [38;5;121m<gs.materials.Rigid>[0m[38;5;159m.[0m
[38;5;159m[Genesis] [04:40:31] [INFO] Adding [38;5;121m<gs.engine.entities.RigidEntity>[0m[38;5;159m. idx: [38;5;121m10[0m[38;5;159m, uid: [38;5;121m[3m<5b6b2cf>[0m[38;5;159m, morph: [38;5;121m<gs.morphs.Box>[0m[38;5;159m, material: [38;5;121m<gs.materials.Rigid>[0m[38;5;159m.[0m
[38;5;159m[Genesis] [04:40:31] [INFO] Adding [38;5;121m<gs.engine.entities.RigidEntity>[0m[38;5;159m. idx: [38;5;121m11[0m[38;5;159m, uid: [38;5;121m[3m<a2ca587>[0m[38;5;159m, morph: [38;5;121m<gs.morphs.Box>[0m[38;5;159m, material: [38;5;121m<gs.materials.Rigid>[0m[38;5;159m.[0m
[38;5;159m[Genesis] [04:40:31] [INFO] Adding [38;5;121m<gs.engine.entities.RigidEntity>[0m[38;5;159m. idx: [38;5;121m12[0m[38;5;159m, uid: [38;5;121m[3m<ba019c5>[0m[38;5;159m, morph: [38;5;121m<gs.morphs.Box>[0m[38;5;159m, material: [38;5;121m<gs.materials.Rigid>[0m[38;5;159m.[0m
[38;5;159m[Genesis] [04:40:31] [INFO] Adding [38;5;121m<gs.engine.entities.RigidEntity>[0m[38;5;159m. idx: [38;5;121m13[0m[38;5;159m, uid: [38;5;121m[3m<a22742a>[0m[38;5;159m, morph: [38;5;121m<gs.morphs.Box>[0m[38;5;159m, material: [38;5;121m<gs.materials.Rigid>[0m[38;5;159m.[0m
[38;5;159m[Genesis] [04:40:31] [INFO] Adding [38;5;121m<gs.engine.entities.RigidEntity>[0m[38;5;159m. idx: [38;5;121m14[0m[38;5;159m, uid: [38;5;121m[3m<5059558>[0m[38;5;159m, morph: [38;5;121m<gs.morphs.Box>[0m[38;5;159m, material: [38;5;121m<gs.materials.Rigid>[0m[38;5;159m.[0m
[38;5;159m[Genesis] [04:40:31] [INFO] Adding [38;5;121m<gs.engine.entities.RigidEntity>[0m[38;5;159m. idx: [38;5;121m15[0m[38;5;159m, uid: [38;5;121m[3m<d8b40cf>[0m[38;5;159m, morph: [38;5;121m<gs.morphs.Box>[0m[38;5;159m, material: [38;5;121m<gs.materials.Rigid>[0m[38;5;159m.[0m
[38;5;159m[Genesis] [04:40:31] [INFO] Adding [38;5;121m<gs.engine.entities.RigidEntity>[0m[38;5;159m. idx: [38;5;121m16[0m[38;5;159m, uid: [38;5;121m[3m<67c17d5>[0m[38;5;159m, morph: [38;5;121m<gs.morphs.Box>[0m[38;5;159m, material: [38;5;121m<gs.materials.Rigid>[0m[38;5;159m.[0m
[38;5;159m[Genesis] [04:40:31] [INFO] Adding [38;5;121m<gs.engine.entities.RigidEntity>[0m[38;5;159m. idx: [38;5;121m17[0m[38;5;159m, uid: [38;5;121m[3m<cf89800>[0m[38;5;159m, morph: [38;5;121m<gs.morphs.Box>[0m[38;5;159m, material: [38;5;121m<gs.materials.Rigid>[0m[38;5;159m.[0m
[38;5;159m[Genesis] [04:40:31] [INFO] Adding [38;5;121m<gs.engine.entities.RigidEntity>[0m[38;5;159m. idx: [38;5;121m18[0m[38;5;159m, uid: [38;5;121m[3m<ad60f1c>[0m[38;5;159m, morph: [38;5;121m<gs.morphs.Box>[0m[38;5;159m, material: [38;5;121m<gs.materials.Rigid>[0m[38;5;159m.[0m
[38;5;159m[Genesis] [04:40:31] [INFO] Adding [38;5;121m<gs.engine.entities.RigidEntity>[0m[38;5;159m. idx: [38;5;121m19[0m[38;5;159m, uid: [38;5;121m[3m<1f7f4d6>[0m[38;5;159m, morph: [38;5;121m<gs.morphs.Box>[0m[38;5;159m, material: [38;5;121m<gs.materials.Rigid>[0m[38;5;159m.[0m
[38;5;159m[Genesis] [04:40:31] [INFO] Adding [38;5;121m<gs.engine.entities.RigidEntity>[0m[38;5;159m. idx: [38;5;121m20[0m[38;5;159m, uid: [38;5;121m[3m<afdd00c>[0m[38;5;159m, morph: [38;5;121m<gs.morphs.Box>[0m[38;5;159m, material: [38;5;121m<gs.materials.Rigid>[0m[38;5;159m.[0m
[38;5;159m[Genesis] [04:40:31] [INFO] Adding [38;5;121m<gs.engine.entities.RigidEntity>[0m[38;5;159m. idx: [38;5;121m21[0m[38;5;159m, uid: [38;5;121m[3m<224bbeb>[0m[38;5;159m, morph: [38;5;121m<gs.morphs.Box>[0m[38;5;159m, material: [38;5;121m<gs.materials.Rigid>[0m[38;5;159m.[0m
[38;5;159m[Genesis] [04:40:31] [INFO] Adding [38;5;121m<gs.engine.entities.RigidEntity>[0m[38;5;159m. idx: [38;5;121m22[0m[38;5;159m, uid: [38;5;121m[3m<0351ce5>[0m[38;5;159m, morph: [38;5;121m<gs.morphs.Box>[0m[38;5;159m, material: [38;5;121m<gs.materials.Rigid>[0m[38;5;159m.[0m
[38;5;159m[Genesis] [04:40:31] [INFO] Adding [38;5;121m<gs.engine.entities.RigidEntity>[0m[38;5;159m. idx: [38;5;121m23[0m[38;5;159m, uid: [38;5;121m[3m<583e09a>[0m[38;5;159m, morph: [38;5;121m<gs.morphs.Box>[0m[38;5;159m, material: [38;5;121m<gs.materials.Rigid>[0m[38;5;159m.[0m
[38;5;159m[Genesis] [04:40:31] [INFO] Adding [38;5;121m<gs.engine.entities.RigidEntity>[0m[38;5;159m. idx: [38;5;121m24[0m[38;5;159m, uid: [38;5;121m[3m<558d8b9>[0m[38;5;159m, morph: [38;5;121m<gs.morphs.Box>[0m[38;5;159m, material: [38;5;121m<gs.materials.Rigid>[0m[38;5;159m.[0m
[38;5;159m[Genesis] [04:40:31] [INFO] Adding [38;5;121m<gs.engine.entities.RigidEntity>[0m[38;5;159m. idx: [38;5;121m25[0m[38;5;159m, uid: [38;5;121m[3m<a5ba2a7>[0m[38;5;159m, morph: [38;5;121m<gs.morphs.Box>[0m[38;5;159m, material: [38;5;121m<gs.materials.Rigid>[0m[38;5;159m.[0m
[38;5;159m[Genesis] [04:40:31] [INFO] Adding [38;5;121m<gs.engine.entities.RigidEntity>[0m[38;5;159m. idx: [38;5;121m26[0m[38;5;159m, uid: [38;5;121m[3m<a0effbb>[0m[38;5;159m, morph: [38;5;121m<gs.morphs.Box>[0m[38;5;159m, material: [38;5;121m<gs.materials.Rigid>[0m[38;5;159m.[0m
Generated 20 particles out of 20
[38;5;159m[Genesis] [04:40:31] [INFO] Building scene [38;5;121m[3m<2b88ade>[0m[38;5;159m...[0m
[38;5;159m[Genesis] [04:40:37] [INFO] Compiling simulation kernels...[0m
[38;5;159m[Genesis] [04:41:04] [INFO] Building visualizer...[0m
libEGL warning: egl: failed to create dri2 screen
libEGL warning: egl: failed to create dri2 screen
WARNING pile-aware: 7/32 pushes cannot travel their requested length even from a clamped start, and were shortened - those transitions are NOT at the requested length. (Callers that redraw on a short push, e.g. binned_slate_collection.py, handle this themselves; check realized = ||stop-start||.)
WARNING pile-aware: 6/32 pushes cannot travel their requested length even from a clamped start, and were shortened - those transitions are NOT at the requested length. (Callers that redraw on a short push, e.g. binned_slate_collection.py, handle this themselves; check realized = ||stop-start||.)
WARNING pile-aware: 9/32 pushes cannot travel their requested length even from a clamped start, and were shortened - those transitions are NOT at the requested length. (Callers that redraw on a short push, e.g. binned_slate_collection.py, handle this themselves; check realized = ||stop-start||.)
WARNING pile-aware: 7/32 pushes cannot travel their requested length even from a clamped start, and were shortened - those transitions are NOT at the requested length. (Callers that redraw on a short push, e.g. binned_slate_collection.py, handle this themselves; check realized = ||stop-start||.)
WARNING pile-aware: 6/32 pushes cannot travel their requested length even from a clamped start, and were shortened - those transitions are NOT at the requested length. (Callers that redraw on a short push, e.g. binned_slate_collection.py, handle this themselves; check realized = ||stop-start||.)
WARNING pile-aware: 10/32 pushes cannot travel their requested length even from a clamped start, and were shortened - those transitions are NOT at the requested length. (Callers that redraw on a short push, e.g. binned_slate_collection.py, handle this themselves; check realized = ||stop-start||.)
WARNING pile-aware: 6/32 pushes cannot travel their requested length even from a clamped start, and were shortened - those transitions are NOT at the requested length. (Callers that redraw on a short push, e.g. binned_slate_collection.py, handle this themselves; check realized = ||stop-start||.)
WARNING pile-aware: 8/32 pushes cannot travel their requested length even from a clamped start, and were shortened - those transitions are NOT at the requested length. (Callers that redraw on a short push, e.g. binned_slate_collection.py, handle this themselves; check realized = ||stop-start||.)
WARNING pile-aware: 7/32 pushes cannot travel their requested length even from a clamped start, and were shortened - those transitions are NOT at the requested length. (Callers that redraw on a short push, e.g. binned_slate_collection.py, handle this themselves; check realized = ||stop-start||.)
WARNING pile-aware: 5/32 pushes cannot travel their requested length even from a clamped start, and were shortened - those transitions are NOT at the requested length. (Callers that redraw on a short push, e.g. binned_slate_collection.py, handle this themselves; check realized = ||stop-start||.)
WARNING pile-aware: 8/32 pushes cannot travel their requested length even from a clamped start, and were shortened - those transitions are NOT at the requested length. (Callers that redraw on a short push, e.g. binned_slate_collection.py, handle this themselves; check realized = ||stop-start||.)
WARNING pile-aware: 8/32 pushes cannot travel their requested length even from a clamped start, and were shortened - those transitions are NOT at the requested length. (Callers that redraw on a short push, e.g. binned_slate_collection.py, handle this themselves; check realized = ||stop-start||.)
WARNING pile-aware: 4/32 pushes cannot travel their requested length even from a clamped start, and were shortened - those transitions are NOT at the requested length. (Callers that redraw on a short push, e.g. binned_slate_collection.py, handle this themselves; check realized = ||stop-start||.)
WARNING pile-aware: 7/32 pushes cannot travel their requested length even from a clamped start, and were shortened - those transitions are NOT at the requested length. (Callers that redraw on a short push, e.g. binned_slate_collection.py, handle this themselves; check realized = ||stop-start||.)
WARNING pile-aware: 2/32 pushes cannot travel their requested length even from a clamped start, and were shortened - those transitions are NOT at the requested length. (Callers that redraw on a short push, e.g. binned_slate_collection.py, handle this themselves; check realized = ||stop-start||.)
WARNING pile-aware: 6/32 pushes cannot travel their requested length even from a clamped start, and were shortened - those transitions are NOT at the requested length. (Callers that redraw on a short push, e.g. binned_slate_collection.py, handle this themselves; check realized = ||stop-start||.)
WARNING pile-aware: 9/32 pushes cannot travel their requested length even from a clamped start, and were shortened - those transitions are NOT at the requested length. (Callers that redraw on a short push, e.g. binned_slate_collection.py, handle this themselves; check realized = ||stop-start||.)
WARNING pile-aware: 9/32 pushes cannot travel their requested length even from a clamped start, and were shortened - those transitions are NOT at the requested length. (Callers that redraw on a short push, e.g. binned_slate_collection.py, handle this themselves; check realized = ||stop-start||.)
WARNING pile-aware: 10/32 pushes cannot travel their requested length even from a clamped start, and were shortened - those transitions are NOT at the requested length. (Callers that redraw on a short push, e.g. binned_slate_collection.py, handle this themselves; check realized = ||stop-start||.)
WARNING pile-aware: 12/32 pushes cannot travel their requested length even from a clamped start, and were shortened - those transitions are NOT at the requested length. (Callers that redraw on a short push, e.g. binned_slate_collection.py, handle this themselves; check realized = ||stop-start||.)
WARNING pile-aware: 8/32 pushes cannot travel their requested length even from a clamped start, and were shortened - those transitions are NOT at the requested length. (Callers that redraw on a short push, e.g. binned_slate_collection.py, handle this themselves; check realized = ||stop-start||.)
WARNING pile-aware: 10/32 pushes cannot travel their requested length even from a clamped start, and were shortened - those transitions are NOT at the requested length. (Callers that redraw on a short push, e.g. binned_slate_collection.py, handle this themselves; check realized = ||stop-start||.)
WARNING pile-aware: 9/32 pushes cannot travel their requested length even from a clamped start, and were shortened - those transitions are NOT at the requested length. (Callers that redraw on a short push, e.g. binned_slate_collection.py, handle this themselves; check realized = ||stop-start||.)
WARNING pile-aware: 6/32 pushes cannot travel their requested length even from a clamped start, and were shortened - those transitions are NOT at the requested length. (Callers that redraw on a short push, e.g. binned_slate_collection.py, handle this themselves; check realized = ||stop-start||.)
WARNING pile-aware: 7/32 pushes cannot travel their requested length even from a clamped start, and were shortened - those transitions are NOT at the requested length. (Callers that redraw on a short push, e.g. binned_slate_collection.py, handle this themselves; check realized = ||stop-start||.)
WARNING pile-aware: 5/32 pushes cannot travel their requested length even from a clamped start, and were shortened - those transitions are NOT at the requested length. (Callers that redraw on a short push, e.g. binned_slate_collection.py, handle this themselves; check realized = ||stop-start||.)
WARNING pile-aware: 7/32 pushes cannot travel their requested length even from a clamped start, and were shortened - those transitions are NOT at the requested length. (Callers that redraw on a short push, e.g. binned_slate_collection.py, handle this themselves; check realized = ||stop-start||.)
WARNING pile-aware: 7/32 pushes cannot travel their requested length even from a clamped start, and were shortened - those transitions are NOT at the requested length. (Callers that redraw on a short push, e.g. binned_slate_collection.py, handle this themselves; check realized = ||stop-start||.)
WARNING pile-aware: 6/32 pushes cannot travel their requested length even from a clamped start, and were shortened - those transitions are NOT at the requested length. (Callers that redraw on a short push, e.g. binned_slate_collection.py, handle this themselves; check realized = ||stop-start||.)
WARNING pile-aware: 3/32 pushes cannot travel their requested length even from a clamped start, and were shortened - those transitions are NOT at the requested length. (Callers that redraw on a short push, e.g. binned_slate_collection.py, handle this themselves; check realized = ||stop-start||.)
WARNING pile-aware: 4/32 pushes cannot travel their requested length even from a clamped start, and were shortened - those transitions are NOT at the requested length. (Callers that redraw on a short push, e.g. binned_slate_collection.py, handle this themselves; check realized = ||stop-start||.)
chunk 0: 256 rows, 256 valid, single-layer after 256, 117s
WARNING pile-aware: 9/32 pushes cannot travel their requested length even from a clamped start, and were shortened - those transitions are NOT at the requested length. (Callers that redraw on a short push, e.g. binned_slate_collection.py, handle this themselves; check realized = ||stop-start||.)
WARNING pile-aware: 4/32 pushes cannot travel their requested length even from a clamped start, and were shortened - those transitions are NOT at the requested length. (Callers that redraw on a short push, e.g. binned_slate_collection.py, handle this themselves; check realized = ||stop-start||.)
WARNING pile-aware: 11/32 pushes cannot travel their requested length even from a clamped start, and were shortened - those transitions are NOT at the requested length. (Callers that redraw on a short push, e.g. binned_slate_collection.py, handle this themselves; check realized = ||stop-start||.)
WARNING pile-aware: 5/32 pushes cannot travel their requested length even from a clamped start, and were shortened - those transitions are NOT at the requested length. (Callers that redraw on a short push, e.g. binned_slate_collection.py, handle this themselves; check realized = ||stop-start||.)
WARNING pile-aware: 7/32 pushes cannot travel their requested length even from a clamped start, and were shortened - those transitions are NOT at the requested length. (Callers that redraw on a short push, e.g. binned_slate_collection.py, handle this themselves; check realized = ||stop-start||.)
WARNING pile-aware: 8/32 pushes cannot travel their requested length even from a clamped start, and were shortened - those transitions are NOT at the requested length. (Callers that redraw on a short push, e.g. binned_slate_collection.py, handle this themselves; check realized = ||stop-start||.)
WARNING pile-aware: 9/32 pushes cannot travel their requested length even from a clamped start, and were shortened - those transitions are NOT at the requested length. (Callers that redraw on a short push, e.g. binned_slate_collection.py, handle this themselves; check realized = ||stop-start||.)
WARNING pile-aware: 13/32 pushes cannot travel their requested length even from a clamped start, and were shortened - those transitions are NOT at the requested length. (Callers that redraw on a short push, e.g. binned_slate_collection.py, handle this themselves; check realized = ||stop-start||.)
WARNING pile-aware: 9/32 pushes cannot travel their requested length even from a clamped start, and were shortened - those transitions are NOT at the requested length. (Callers that redraw on a short push, e.g. binned_slate_collection.py, handle this themselves; check realized = ||stop-start||.)
WARNING pile-aware: 12/32 pushes cannot travel their requested length even from a clamped start, and were shortened - those transitions are NOT at the requested length. (Callers that redraw on a short push, e.g. binned_slate_collection.py, handle this themselves; check realized = ||stop-start||.)
WARNING pile-aware: 12/32 pushes cannot travel their requested length even from a clamped start, and were shortened - those transitions are NOT at the requested length. (Callers that redraw on a short push, e.g. binned_slate_collection.py, handle this themselves; check realized = ||stop-start||.)
WARNING pile-aware: 5/32 pushes cannot travel their requested length even from a clamped start, and were shortened - those transitions are NOT at the requested length. (Callers that redraw on a short push, e.g. binned_slate_collection.py, handle this themselves; check realized = ||stop-start||.)
WARNING pile-aware: 8/32 pushes cannot travel their requested length even from a clamped start, and were shortened - those transitions are NOT at the requested length. (Callers that redraw on a short push, e.g. binned_slate_collection.py, handle this themselves; check realized = ||stop-start||.)
WARNING pile-aware: 11/32 pushes cannot travel their requested length even from a clamped start, and were shortened - those transitions are NOT at the requested length. (Callers that redraw on a short push, e.g. binned_slate_collection.py, handle this themselves; check realized = ||stop-start||.)
WARNING pile-aware: 7/32 pushes cannot travel their requested length even from a clamped start, and were shortened - those transitions are NOT at the requested length. (Callers that redraw on a short push, e.g. binned_slate_collection.py, handle this themselves; check realized = ||stop-start||.)
WARNING pile-aware: 7/32 pushes cannot travel their requested length even from a clamped start, and were shortened - those transitions are NOT at the requested length. (Callers that redraw on a short push, e.g. binned_slate_collection.py, handle this themselves; check realized = ||stop-start||.)
WARNING pile-aware: 7/32 pushes cannot travel their requested length even from a clamped start, and were shortened - those transitions are NOT at the requested length. (Callers that redraw on a short push, e.g. binned_slate_collection.py, handle this themselves; check realized = ||stop-start||.)
WARNING pile-aware: 9/32 pushes cannot travel their requested length even from a clamped start, and were shortened - those transitions are NOT at the requested length. (Callers that redraw on a short push, e.g. binned_slate_collection.py, handle this themselves; check realized = ||stop-start||.)
WARNING pile-aware: 10/32 pushes cannot travel their requested length even from a clamped start, and were shortened - those transitions are NOT at the requested length. (Callers that redraw on a short push, e.g. binned_slate_collection.py, handle this themselves; check realized = ||stop-start||.)
WARNING pile-aware: 6/32 pushes cannot travel their requested length even from a clamped start, and were shortened - those transitions are NOT at the requested length. (Callers that redraw on a short push, e.g. binned_slate_collection.py, handle this themselves; check realized = ||stop-start||.)
WARNING pile-aware: 6/32 pushes cannot travel their requested length even from a clamped start, and were shortened - those transitions are NOT at the requested length. (Callers that redraw on a short push, e.g. binned_slate_collection.py, handle this themselves; check realized = ||stop-start||.)
WARNING pile-aware: 6/32 pushes cannot travel their requested length even from a clamped start, and were shortened - those transitions are NOT at the requested length. (Callers that redraw on a short push, e.g. binned_slate_collection.py, handle this themselves; check realized = ||stop-start||.)
WARNING pile-aware: 6/32 pushes cannot travel their requested length even from a clamped start, and were shortened - those transitions are NOT at the requested length. (Callers that redraw on a short push, e.g. binned_slate_collection.py, handle this themselves; check realized = ||stop-start||.)
WARNING pile-aware: 5/32 pushes cannot travel their requested length even from a clamped start, and were shortened - those transitions are NOT at the requested length. (Callers that redraw on a short push, e.g. binned_slate_collection.py, handle this themselves; check realized = ||stop-start||.)
WARNING pile-aware: 12/32 pushes cannot travel their requested length even from a clamped start, and were shortened - those transitions are NOT at the requested length. (Callers that redraw on a short push, e.g. binned_slate_collection.py, handle this themselves; check realized = ||stop-start||.)
WARNING pile-aware: 10/32 pushes cannot travel their requested length even from a clamped start, and were shortened - those transitions are NOT at the requested length. (Callers that redraw on a short push, e.g. binned_slate_collection.py, handle this themselves; check realized = ||stop-start||.)
WARNING pile-aware: 6/32 pushes cannot travel their requested length even from a clamped start, and were shortened - those transitions are NOT at the requested length. (Callers that redraw on a short push, e.g. binned_slate_collection.py, handle this themselves; check realized = ||stop-start||.)
WARNING pile-aware: 8/32 pushes cannot travel their requested length even from a clamped start, and were shortened - those transitions are NOT at the requested length. (Callers that redraw on a short push, e.g. binned_slate_collection.py, handle this themselves; check realized = ||stop-start||.)
WARNING pile-aware: 11/32 pushes cannot travel their requested length even from a clamped start, and were shortened - those transitions are NOT at the requested length. (Callers that redraw on a short push, e.g. binned_slate_collection.py, handle this themselves; check realized = ||stop-start||.)
WARNING pile-aware: 9/32 pushes cannot travel their requested length even from a clamped start, and were shortened - those transitions are NOT at the requested length. (Callers that redraw on a short push, e.g. binned_slate_collection.py, handle this themselves; check realized = ||stop-start||.)
WARNING pile-aware: 9/32 pushes cannot travel their requested length even from a clamped start, and were shortened - those transitions are NOT at the requested length. (Callers that redraw on a short push, e.g. binned_slate_collection.py, handle this themselves; check realized = ||stop-start||.)
WARNING pile-aware: 3/32 pushes cannot travel their requested length even from a clamped start, and were shortened - those transitions are NOT at the requested length. (Callers that redraw on a short push, e.g. binned_slate_collection.py, handle this themselves; check realized = ||stop-start||.)
WARNING pile-aware: 7/32 pushes cannot travel their requested length even from a clamped start, and were shortened - those transitions are NOT at the requested length. (Callers that redraw on a short push, e.g. binned_slate_collection.py, handle this themselves; check realized = ||stop-start||.)
WARNING pile-aware: 4/32 pushes cannot travel their requested length even from a clamped start, and were shortened - those transitions are NOT at the requested length. (Callers that redraw on a short push, e.g. binned_slate_collection.py, handle this themselves; check realized = ||stop-start||.)
chunk 1: 256 rows, 256 valid, single-layer after 256, 110s
WARNING pile-aware: 4/32 pushes cannot travel their requested length even from a clamped start, and were shortened - those transitions are NOT at the requested length. (Callers that redraw on a short push, e.g. binned_slate_collection.py, handle this themselves; check realized = ||stop-start||.)
WARNING pile-aware: 8/32 pushes cannot travel their requested length even from a clamped start, and were shortened - those transitions are NOT at the requested length. (Callers that redraw on a short push, e.g. binned_slate_collection.py, handle this themselves; check realized = ||stop-start||.)
WARNING pile-aware: 7/32 pushes cannot travel their requested length even from a clamped start, and were shortened - those transitions are NOT at the requested length. (Callers that redraw on a short push, e.g. binned_slate_collection.py, handle this themselves; check realized = ||stop-start||.)
WARNING pile-aware: 5/32 pushes cannot travel their requested length even from a clamped start, and were shortened - those transitions are NOT at the requested length. (Callers that redraw on a short push, e.g. binned_slate_collection.py, handle this themselves; check realized = ||stop-start||.)
WARNING pile-aware: 8/32 pushes cannot travel their requested length even from a clamped start, and were shortened - those transitions are NOT at the requested length. (Callers that redraw on a short push, e.g. binned_slate_collection.py, handle this themselves; check realized = ||stop-start||.)
WARNING pile-aware: 8/32 pushes cannot travel their requested length even from a clamped start, and were shortened - those transitions are NOT at the requested length. (Callers that redraw on a short push, e.g. binned_slate_collection.py, handle this themselves; check realized = ||stop-start||.)
WARNING pile-aware: 11/32 pushes cannot travel their requested length even from a clamped start, and were shortened - those transitions are NOT at the requested length. (Callers that redraw on a short push, e.g. binned_slate_collection.py, handle this themselves; check realized = ||stop-start||.)
WARNING pile-aware: 11/32 pushes cannot travel their requested length even from a clamped start, and were shortened - those transitions are NOT at the requested length. (Callers that redraw on a short push, e.g. binned_slate_collection.py, handle this themselves; check realized = ||stop-start||.)
WARNING pile-aware: 6/32 pushes cannot travel their requested length even from a clamped start, and were shortened - those transitions are NOT at the requested length. (Callers that redraw on a short push, e.g. binned_slate_collection.py, handle this themselves; check realized = ||stop-start||.)
WARNING pile-aware: 3/32 pushes cannot travel their requested length even from a clamped start, and were shortened - those transitions are NOT at the requested length. (Callers that redraw on a short push, e.g. binned_slate_collection.py, handle this themselves; check realized = ||stop-start||.)
WARNING pile-aware: 3/32 pushes cannot travel their requested length even from a clamped start, and were shortened - those transitions are NOT at the requested length. (Callers that redraw on a short push, e.g. binned_slate_collection.py, handle this themselves; check realized = ||stop-start||.)
WARNING pile-aware: 8/32 pushes cannot travel their requested length even from a clamped start, and were shortened - those transitions are NOT at the requested length. (Callers that redraw on a short push, e.g. binned_slate_collection.py, handle this themselves; check realized = ||stop-start||.)
WARNING pile-aware: 6/32 pushes cannot travel their requested length even from a clamped start, and were shortened - those transitions are NOT at the requested length. (Callers that redraw on a short push, e.g. binned_slate_collection.py, handle this themselves; check realized = ||stop-start||.)
WARNING pile-aware: 8/32 pushes cannot travel their requested length even from a clamped start, and were shortened - those transitions are NOT at the requested length. (Callers that redraw on a short push, e.g. binned_slate_collection.py, handle this themselves; check realized = ||stop-start||.)
WARNING pile-aware: 7/32 pushes cannot travel their requested length even from a clamped start, and were shortened - those transitions are NOT at the requested length. (Callers that redraw on a short push, e.g. binned_slate_collection.py, handle this themselves; check realized = ||stop-start||.)
WARNING pile-aware: 10/32 pushes cannot travel their requested length even from a clamped start, and were shortened - those transitions are NOT at the requested length. (Callers that redraw on a short push, e.g. binned_slate_collection.py, handle this themselves; check realized = ||stop-start||.)
WARNING pile-aware: 8/32 pushes cannot travel their requested length even from a clamped start, and were shortened - those transitions are NOT at the requested length. (Callers that redraw on a short push, e.g. binned_slate_collection.py, handle this themselves; check realized = ||stop-start||.)
WARNING pile-aware: 6/32 pushes cannot travel their requested length even from a clamped start, and were shortened - those transitions are NOT at the requested length. (Callers that redraw on a short push, e.g. binned_slate_collection.py, handle this themselves; check realized = ||stop-start||.)
WARNING pile-aware: 6/32 pushes cannot travel their requested length even from a clamped start, and were shortened - those transitions are NOT at the requested length. (Callers that redraw on a short push, e.g. binned_slate_collection.py, handle this themselves; check realized = ||stop-start||.)
WARNING pile-aware: 9/32 pushes cannot travel their requested length even from a clamped start, and were shortened - those transitions are NOT at the requested length. (Callers that redraw on a short push, e.g. binned_slate_collection.py, handle this themselves; check realized = ||stop-start||.)
WARNING pile-aware: 8/32 pushes cannot travel their requested length even from a clamped start, and were shortened - those transitions are NOT at the requested length. (Callers that redraw on a short push, e.g. binned_slate_collection.py, handle this themselves; check realized = ||stop-start||.)
WARNING pile-aware: 3/32 pushes cannot travel their requested length even from a clamped start, and were shortened - those transitions are NOT at the requested length. (Callers that redraw on a short push, e.g. binned_slate_collection.py, handle this themselves; check realized = ||stop-start||.)
WARNING pile-aware: 7/32 pushes cannot travel their requested length even from a clamped start, and were shortened - those transitions are NOT at the requested length. (Callers that redraw on a short push, e.g. binned_slate_collection.py, handle this themselves; check realized = ||stop-start||.)
WARNING pile-aware: 5/32 pushes cannot travel their requested length even from a clamped start, and were shortened - those transitions are NOT at the requested length. (Callers that redraw on a short push, e.g. binned_slate_collection.py, handle this themselves; check realized = ||stop-start||.)
WARNING pile-aware: 8/32 pushes cannot travel their requested length even from a clamped start, and were shortened - those transitions are NOT at the requested length. (Callers that redraw on a short push, e.g. binned_slate_collection.py, handle this themselves; check realized = ||stop-start||.)
WARNING pile-aware: 10/32 pushes cannot travel their requested length even from a clamped start, and were shortened - those transitions are NOT at the requested length. (Callers that redraw on a short push, e.g. binned_slate_collection.py, handle this themselves; check realized = ||stop-start||.)
WARNING pile-aware: 12/32 pushes cannot travel their requested length even from a clamped start, and were shortened - those transitions are NOT at the requested length. (Callers that redraw on a short push, e.g. binned_slate_collection.py, handle this themselves; check realized = ||stop-start||.)
WARNING pile-aware: 9/32 pushes cannot travel their requested length even from a clamped start, and were shortened - those transitions are NOT at the requested length. (Callers that redraw on a short push, e.g. binned_slate_collection.py, handle this themselves; check realized = ||stop-start||.)
chunk 2: 256 rows, 256 valid, single-layer after 256, 105s
WARNING pile-aware: 11/32 pushes cannot travel their requested length even from a clamped start, and were shortened - those transitions are NOT at the requested length. (Callers that redraw on a short push, e.g. binned_slate_collection.py, handle this themselves; check realized = ||stop-start||.)
WARNING pile-aware: 8/32 pushes cannot travel their requested length even from a clamped start, and were shortened - those transitions are NOT at the requested length. (Callers that redraw on a short push, e.g. binned_slate_collection.py, handle this themselves; check realized = ||stop-start||.)
WARNING pile-aware: 10/32 pushes cannot travel their requested length even from a clamped start, and were shortened - those transitions are NOT at the requested length. (Callers that redraw on a short push, e.g. binned_slate_collection.py, handle this themselves; check realized = ||stop-start||.)
WARNING pile-aware: 8/32 pushes cannot travel their requested length even from a clamped start, and were shortened - those transitions are NOT at the requested length. (Callers that redraw on a short push, e.g. binned_slate_collection.py, handle this themselves; check realized = ||stop-start||.)
WARNING pile-aware: 5/32 pushes cannot travel their requested length even from a clamped start, and were shortened - those transitions are NOT at the requested length. (Callers that redraw on a short push, e.g. binned_slate_collection.py, handle this themselves; check realized = ||stop-start||.)
WARNING pile-aware: 5/32 pushes cannot travel their requested length even from a clamped start, and were shortened - those transitions are NOT at the requested length. (Callers that redraw on a short push, e.g. binned_slate_collection.py, handle this themselves; check realized = ||stop-start||.)
WARNING pile-aware: 9/32 pushes cannot travel their requested length even from a clamped start, and were shortened - those transitions are NOT at the requested length. (Callers that redraw on a short push, e.g. binned_slate_collection.py, handle this themselves; check realized = ||stop-start||.)
WARNING pile-aware: 8/32 pushes cannot travel their requested length even from a clamped start, and were shortened - those transitions are NOT at the requested length. (Callers that redraw on a short push, e.g. binned_slate_collection.py, handle this themselves; check realized = ||stop-start||.)
WARNING pile-aware: 5/32 pushes cannot travel their requested length even from a clamped start, and were shortened - those transitions are NOT at the requested length. (Callers that redraw on a short push, e.g. binned_slate_collection.py, handle this themselves; check realized = ||stop-start||.)
WARNING pile-aware: 7/32 pushes cannot travel their requested length even from a clamped start, and were shortened - those transitions are NOT at the requested length. (Callers that redraw on a short push, e.g. binned_slate_collection.py, handle this themselves; check realized = ||stop-start||.)
WARNING pile-aware: 6/32 pushes cannot travel their requested length even from a clamped start, and were shortened - those transitions are NOT at the requested length. (Callers that redraw on a short push, e.g. binned_slate_collection.py, handle this themselves; check realized = ||stop-start||.)
WARNING pile-aware: 6/32 pushes cannot travel their requested length even from a clamped start, and were shortened - those transitions are NOT at the requested length. (Callers that redraw on a short push, e.g. binned_slate_collection.py, handle this themselves; check realized = ||stop-start||.)
WARNING pile-aware: 5/32 pushes cannot travel their requested length even from a clamped start, and were shortened - those transitions are NOT at the requested length. (Callers that redraw on a short push, e.g. binned_slate_collection.py, handle this themselves; check realized = ||stop-start||.)
WARNING pile-aware: 6/32 pushes cannot travel their requested length even from a clamped start, and were shortened - those transitions are NOT at the requested length. (Callers that redraw on a short push, e.g. binned_slate_collection.py, handle this themselves; check realized = ||stop-start||.)
WARNING pile-aware: 6/32 pushes cannot travel their requested length even from a clamped start, and were shortened - those transitions are NOT at the requested length. (Callers that redraw on a short push, e.g. binned_slate_collection.py, handle this themselves; check realized = ||stop-start||.)
WARNING pile-aware: 7/32 pushes cannot travel their requested length even from a clamped start, and were shortened - those transitions are NOT at the requested length. (Callers that redraw on a short push, e.g. binned_slate_collection.py, handle this themselves; check realized = ||stop-start||.)
WARNING pile-aware: 7/32 pushes cannot travel their requested length even from a clamped start, and were shortened - those transitions are NOT at the requested length. (Callers that redraw on a short push, e.g. binned_slate_collection.py, handle this themselves; check realized = ||stop-start||.)
WARNING pile-aware: 6/32 pushes cannot travel their requested length even from a clamped start, and were shortened - those transitions are NOT at the requested length. (Callers that redraw on a short push, e.g. binned_slate_collection.py, handle this themselves; check realized = ||stop-start||.)
WARNING pile-aware: 9/32 pushes cannot travel their requested length even from a clamped start, and were shortened - those transitions are NOT at the requested length. (Callers that redraw on a short push, e.g. binned_slate_collection.py, handle this themselves; check realized = ||stop-start||.)
WARNING pile-aware: 8/32 pushes cannot travel their requested length even from a clamped start, and were shortened - those transitions are NOT at the requested length. (Callers that redraw on a short push, e.g. binned_slate_collection.py, handle this themselves; check realized = ||stop-start||.)
WARNING pile-aware: 8/32 pushes cannot travel their requested length even from a clamped start, and were shortened - those transitions are NOT at the requested length. (Callers that redraw on a short push, e.g. binned_slate_collection.py, handle this themselves; check realized = ||stop-start||.)
WARNING pile-aware: 7/32 pushes cannot travel their requested length even from a clamped start, and were shortened - those transitions are NOT at the requested length. (Callers that redraw on a short push, e.g. binned_slate_collection.py, handle this themselves; check realized = ||stop-start||.)
WARNING pile-aware: 10/32 pushes cannot travel their requested length even from a clamped start, and were shortened - those transitions are NOT at the requested length. (Callers that redraw on a short push, e.g. binned_slate_collection.py, handle this themselves; check realized = ||stop-start||.)
WARNING pile-aware: 5/32 pushes cannot travel their requested length even from a clamped start, and were shortened - those transitions are NOT at the requested length. (Callers that redraw on a short push, e.g. binned_slate_collection.py, handle this themselves; check realized = ||stop-start||.)
WARNING pile-aware: 9/32 pushes cannot travel their requested length even from a clamped start, and were shortened - those transitions are NOT at the requested length. (Callers that redraw on a short push, e.g. binned_slate_collection.py, handle this themselves; check realized = ||stop-start||.)
WARNING pile-aware: 7/32 pushes cannot travel their requested length even from a clamped start, and were shortened - those transitions are NOT at the requested length. (Callers that redraw on a short push, e.g. binned_slate_collection.py, handle this themselves; check realized = ||stop-start||.)
WARNING pile-aware: 7/32 pushes cannot travel their requested length even from a clamped start, and were shortened - those transitions are NOT at the requested length. (Callers that redraw on a short push, e.g. binned_slate_collection.py, handle this themselves; check realized = ||stop-start||.)
WARNING pile-aware: 7/32 pushes cannot travel their requested length even from a clamped start, and were shortened - those transitions are NOT at the requested length. (Callers that redraw on a short push, e.g. binned_slate_collection.py, handle this themselves; check realized = ||stop-start||.)
chunk 3: 256 rows, 256 valid, single-layer after 256, 118s
WARNING pile-aware: 6/32 pushes cannot travel their requested length even from a clamped start, and were shortened - those transitions are NOT at the requested length. (Callers that redraw on a short push, e.g. binned_slate_collection.py, handle this themselves; check realized = ||stop-start||.)
WARNING pile-aware: 7/32 pushes cannot travel their requested length even from a clamped start, and were shortened - those transitions are NOT at the requested length. (Callers that redraw on a short push, e.g. binned_slate_collection.py, handle this themselves; check realized = ||stop-start||.)
WARNING pile-aware: 8/32 pushes cannot travel their requested length even from a clamped start, and were shortened - those transitions are NOT at the requested length. (Callers that redraw on a short push, e.g. binned_slate_collection.py, handle this themselves; check realized = ||stop-start||.)
WARNING pile-aware: 6/32 pushes cannot travel their requested length even from a clamped start, and were shortened - those transitions are NOT at the requested length. (Callers that redraw on a short push, e.g. binned_slate_collection.py, handle this themselves; check realized = ||stop-start||.)
WARNING pile-aware: 5/32 pushes cannot travel their requested length even from a clamped start, and were shortened - those transitions are NOT at the requested length. (Callers that redraw on a short push, e.g. binned_slate_collection.py, handle this themselves; check realized = ||stop-start||.)
WARNING pile-aware: 6/32 pushes cannot travel their requested length even from a clamped start, and were shortened - those transitions are NOT at the requested length. (Callers that redraw on a short push, e.g. binned_slate_collection.py, handle this themselves; check realized = ||stop-start||.)
WARNING pile-aware: 5/32 pushes cannot travel their requested length even from a clamped start, and were shortened - those transitions are NOT at the requested length. (Callers that redraw on a short push, e.g. binned_slate_collection.py, handle this themselves; check realized = ||stop-start||.)
WARNING pile-aware: 7/32 pushes cannot travel their requested length even from a clamped start, and were shortened - those transitions are NOT at the requested length. (Callers that redraw on a short push, e.g. binned_slate_collection.py, handle this themselves; check realized = ||stop-start||.)
WARNING pile-aware: 9/32 pushes cannot travel their requested length even from a clamped start, and were shortened - those transitions are NOT at the requested length. (Callers that redraw on a short push, e.g. binned_slate_collection.py, handle this themselves; check realized = ||stop-start||.)
WARNING pile-aware: 4/32 pushes cannot travel their requested length even from a clamped start, and were shortened - those transitions are NOT at the requested length. (Callers that redraw on a short push, e.g. binned_slate_collection.py, handle this themselves; check realized = ||stop-start||.)
WARNING pile-aware: 7/32 pushes cannot travel their requested length even from a clamped start, and were shortened - those transitions are NOT at the requested length. (Callers that redraw on a short push, e.g. binned_slate_collection.py, handle this themselves; check realized = ||stop-start||.)
WARNING pile-aware: 4/32 pushes cannot travel their requested length even from a clamped start, and were shortened - those transitions are NOT at the requested length. (Callers that redraw on a short push, e.g. binned_slate_collection.py, handle this themselves; check realized = ||stop-start||.)
WARNING pile-aware: 8/32 pushes cannot travel their requested length even from a clamped start, and were shortened - those transitions are NOT at the requested length. (Callers that redraw on a short push, e.g. binned_slate_collection.py, handle this themselves; check realized = ||stop-start||.)
WARNING pile-aware: 9/32 pushes cannot travel their requested length even from a clamped start, and were shortened - those transitions are NOT at the requested length. (Callers that redraw on a short push, e.g. binned_slate_collection.py, handle this themselves; check realized = ||stop-start||.)
WARNING pile-aware: 9/32 pushes cannot travel their requested length even from a clamped start, and were shortened - those transitions are NOT at the requested length. (Callers that redraw on a short push, e.g. binned_slate_collection.py, handle this themselves; check realized = ||stop-start||.)
WARNING pile-aware: 5/32 pushes cannot travel their requested length even from a clamped start, and were shortened - those transitions are NOT at the requested length. (Callers that redraw on a short push, e.g. binned_slate_collection.py, handle this themselves; check realized = ||stop-start||.)
WARNING pile-aware: 4/32 pushes cannot travel their requested length even from a clamped start, and were shortened - those transitions are NOT at the requested length. (Callers that redraw on a short push, e.g. binned_slate_collection.py, handle this themselves; check realized = ||stop-start||.)
WARNING pile-aware: 8/32 pushes cannot travel their requested length even from a clamped start, and were shortened - those transitions are NOT at the requested length. (Callers that redraw on a short push, e.g. binned_slate_collection.py, handle this themselves; check realized = ||stop-start||.)
WARNING pile-aware: 4/32 pushes cannot travel their requested length even from a clamped start, and were shortened - those transitions are NOT at the requested length. (Callers that redraw on a short push, e.g. binned_slate_collection.py, handle this themselves; check realized = ||stop-start||.)
WARNING pile-aware: 7/32 pushes cannot travel their requested length even from a clamped start, and were shortened - those transitions are NOT at the requested length. (Callers that redraw on a short push, e.g. binned_slate_collection.py, handle this themselves; check realized = ||stop-start||.)
WARNING pile-aware: 4/32 pushes cannot travel their requested length even from a clamped start, and were shortened - those transitions are NOT at the requested length. (Callers that redraw on a short push, e.g. binned_slate_collection.py, handle this themselves; check realized = ||stop-start||.)
WARNING pile-aware: 8/32 pushes cannot travel their requested length even from a clamped start, and were shortened - those transitions are NOT at the requested length. (Callers that redraw on a short push, e.g. binned_slate_collection.py, handle this themselves; check realized = ||stop-start||.)
WARNING pile-aware: 8/32 pushes cannot travel their requested length even from a clamped start, and were shortened - those transitions are NOT at the requested length. (Callers that redraw on a short push, e.g. binned_slate_collection.py, handle this themselves; check realized = ||stop-start||.)
WARNING pile-aware: 7/32 pushes cannot travel their requested length even from a clamped start, and were shortened - those transitions are NOT at the requested length. (Callers that redraw on a short push, e.g. binned_slate_collection.py, handle this themselves; check realized = ||stop-start||.)
WARNING pile-aware: 7/32 pushes cannot travel their requested length even from a clamped start, and were shortened - those transitions are NOT at the requested length. (Callers that redraw on a short push, e.g. binned_slate_collection.py, handle this themselves; check realized = ||stop-start||.)
WARNING pile-aware: 6/32 pushes cannot travel their requested length even from a clamped start, and were shortened - those transitions are NOT at the requested length. (Callers that redraw on a short push, e.g. binned_slate_collection.py, handle this themselves; check realized = ||stop-start||.)
WARNING pile-aware: 6/32 pushes cannot travel their requested length even from a clamped start, and were shortened - those transitions are NOT at the requested length. (Callers that redraw on a short push, e.g. binned_slate_collection.py, handle this themselves; check realized = ||stop-start||.)
chunk 4: 256 rows, 256 valid, single-layer after 256, 105s
WARNING pile-aware: 7/32 pushes cannot travel their requested length even from a clamped start, and were shortened - those transitions are NOT at the requested length. (Callers that redraw on a short push, e.g. binned_slate_collection.py, handle this themselves; check realized = ||stop-start||.)
WARNING pile-aware: 9/32 pushes cannot travel their requested length even from a clamped start, and were shortened - those transitions are NOT at the requested length. (Callers that redraw on a short push, e.g. binned_slate_collection.py, handle this themselves; check realized = ||stop-start||.)
WARNING pile-aware: 5/32 pushes cannot travel their requested length even from a clamped start, and were shortened - those transitions are NOT at the requested length. (Callers that redraw on a short push, e.g. binned_slate_collection.py, handle this themselves; check realized = ||stop-start||.)
WARNING pile-aware: 9/32 pushes cannot travel their requested length even from a clamped start, and were shortened - those transitions are NOT at the requested length. (Callers that redraw on a short push, e.g. binned_slate_collection.py, handle this themselves; check realized = ||stop-start||.)
WARNING pile-aware: 7/32 pushes cannot travel their requested length even from a clamped start, and were shortened - those transitions are NOT at the requested length. (Callers that redraw on a short push, e.g. binned_slate_collection.py, handle this themselves; check realized = ||stop-start||.)
WARNING pile-aware: 7/32 pushes cannot travel their requested length even from a clamped start, and were shortened - those transitions are NOT at the requested length. (Callers that redraw on a short push, e.g. binned_slate_collection.py, handle this themselves; check realized = ||stop-start||.)
WARNING pile-aware: 7/32 pushes cannot travel their requested length even from a clamped start, and were shortened - those transitions are NOT at the requested length. (Callers that redraw on a short push, e.g. binned_slate_collection.py, handle this themselves; check realized = ||stop-start||.)
WARNING pile-aware: 6/32 pushes cannot travel their requested length even from a clamped start, and were shortened - those transitions are NOT at the requested length. (Callers that redraw on a short push, e.g. binned_slate_collection.py, handle this themselves; check realized = ||stop-start||.)
WARNING pile-aware: 3/32 pushes cannot travel their requested length even from a clamped start, and were shortened - those transitions are NOT at the requested length. (Callers that redraw on a short push, e.g. binned_slate_collection.py, handle this themselves; check realized = ||stop-start||.)
WARNING pile-aware: 3/32 pushes cannot travel their requested length even from a clamped start, and were shortened - those transitions are NOT at the requested length. (Callers that redraw on a short push, e.g. binned_slate_collection.py, handle this themselves; check realized = ||stop-start||.)
WARNING pile-aware: 5/32 pushes cannot travel their requested length even from a clamped start, and were shortened - those transitions are NOT at the requested length. (Callers that redraw on a short push, e.g. binned_slate_collection.py, handle this themselves; check realized = ||stop-start||.)
WARNING pile-aware: 7/32 pushes cannot travel their requested length even from a clamped start, and were shortened - those transitions are NOT at the requested length. (Callers that redraw on a short push, e.g. binned_slate_collection.py, handle this themselves; check realized = ||stop-start||.)
WARNING pile-aware: 5/32 pushes cannot travel their requested length even from a clamped start, and were shortened - those transitions are NOT at the requested length. (Callers that redraw on a short push, e.g. binned_slate_collection.py, handle this themselves; check realized = ||stop-start||.)
WARNING pile-aware: 5/32 pushes cannot travel their requested length even from a clamped start, and were shortened - those transitions are NOT at the requested length. (Callers that redraw on a short push, e.g. binned_slate_collection.py, handle this themselves; check realized = ||stop-start||.)
WARNING pile-aware: 3/32 pushes cannot travel their requested length even from a clamped start, and were shortened - those transitions are NOT at the requested length. (Callers that redraw on a short push, e.g. binned_slate_collection.py, handle this themselves; check realized = ||stop-start||.)
WARNING pile-aware: 5/32 pushes cannot travel their requested length even from a clamped start, and were shortened - those transitions are NOT at the requested length. (Callers that redraw on a short push, e.g. binned_slate_collection.py, handle this themselves; check realized = ||stop-start||.)
WARNING pile-aware: 7/32 pushes cannot travel their requested length even from a clamped start, and were shortened - those transitions are NOT at the requested length. (Callers that redraw on a short push, e.g. binned_slate_collection.py, handle this themselves; check realized = ||stop-start||.)
WARNING pile-aware: 5/32 pushes cannot travel their requested length even from a clamped start, and were shortened - those transitions are NOT at the requested length. (Callers that redraw on a short push, e.g. binned_slate_collection.py, handle this themselves; check realized = ||stop-start||.)
WARNING pile-aware: 3/32 pushes cannot travel their requested length even from a clamped start, and were shortened - those transitions are NOT at the requested length. (Callers that redraw on a short push, e.g. binned_slate_collection.py, handle this themselves; check realized = ||stop-start||.)
WARNING pile-aware: 8/32 pushes cannot travel their requested length even from a clamped start, and were shortened - those transitions are NOT at the requested length. (Callers that redraw on a short push, e.g. binned_slate_collection.py, handle this themselves; check realized = ||stop-start||.)
WARNING pile-aware: 4/32 pushes cannot travel their requested length even from a clamped start, and were shortened - those transitions are NOT at the requested length. (Callers that redraw on a short push, e.g. binned_slate_collection.py, handle this themselves; check realized = ||stop-start||.)
WARNING pile-aware: 7/32 pushes cannot travel their requested length even from a clamped start, and were shortened - those transitions are NOT at the requested length. (Callers that redraw on a short push, e.g. binned_slate_collection.py, handle this themselves; check realized = ||stop-start||.)
WARNING pile-aware: 5/32 pushes cannot travel their requested length even from a clamped start, and were shortened - those transitions are NOT at the requested length. (Callers that redraw on a short push, e.g. binned_slate_collection.py, handle this themselves; check realized = ||stop-start||.)
WARNING pile-aware: 9/32 pushes cannot travel their requested length even from a clamped start, and were shortened - those transitions are NOT at the requested length. (Callers that redraw on a short push, e.g. binned_slate_collection.py, handle this themselves; check realized = ||stop-start||.)
WARNING pile-aware: 8/32 pushes cannot travel their requested length even from a clamped start, and were shortened - those transitions are NOT at the requested length. (Callers that redraw on a short push, e.g. binned_slate_collection.py, handle this themselves; check realized = ||stop-start||.)
WARNING pile-aware: 7/32 pushes cannot travel their requested length even from a clamped start, and were shortened - those transitions are NOT at the requested length. (Callers that redraw on a short push, e.g. binned_slate_collection.py, handle this themselves; check realized = ||stop-start||.)
WARNING pile-aware: 4/32 pushes cannot travel their requested length even from a clamped start, and were shortened - those transitions are NOT at the requested length. (Callers that redraw on a short push, e.g. binned_slate_collection.py, handle this themselves; check realized = ||stop-start||.)
WARNING pile-aware: 8/32 pushes cannot travel their requested length even from a clamped start, and were shortened - those transitions are NOT at the requested length. (Callers that redraw on a short push, e.g. binned_slate_collection.py, handle this themselves; check realized = ||stop-start||.)
WARNING pile-aware: 3/32 pushes cannot travel their requested length even from a clamped start, and were shortened - those transitions are NOT at the requested length. (Callers that redraw on a short push, e.g. binned_slate_collection.py, handle this themselves; check realized = ||stop-start||.)
WARNING pile-aware: 9/32 pushes cannot travel their requested length even from a clamped start, and were shortened - those transitions are NOT at the requested length. (Callers that redraw on a short push, e.g. binned_slate_collection.py, handle this themselves; check realized = ||stop-start||.)
WARNING pile-aware: 6/32 pushes cannot travel their requested length even from a clamped start, and were shortened - those transitions are NOT at the requested length. (Callers that redraw on a short push, e.g. binned_slate_collection.py, handle this themselves; check realized = ||stop-start||.)
WARNING pile-aware: 8/32 pushes cannot travel their requested length even from a clamped start, and were shortened - those transitions are NOT at the requested length. (Callers that redraw on a short push, e.g. binned_slate_collection.py, handle this themselves; check realized = ||stop-start||.)
chunk 5: 256 rows, 256 valid, single-layer after 256, 111s
WARNING pile-aware: 10/32 pushes cannot travel their requested length even from a clamped start, and were shortened - those transitions are NOT at the requested length. (Callers that redraw on a short push, e.g. binned_slate_collection.py, handle this themselves; check realized = ||stop-start||.)
WARNING pile-aware: 6/32 pushes cannot travel their requested length even from a clamped start, and were shortened - those transitions are NOT at the requested length. (Callers that redraw on a short push, e.g. binned_slate_collection.py, handle this themselves; check realized = ||stop-start||.)
WARNING pile-aware: 5/32 pushes cannot travel their requested length even from a clamped start, and were shortened - those transitions are NOT at the requested length. (Callers that redraw on a short push, e.g. binned_slate_collection.py, handle this themselves; check realized = ||stop-start||.)
WARNING pile-aware: 8/32 pushes cannot travel their requested length even from a clamped start, and were shortened - those transitions are NOT at the requested length. (Callers that redraw on a short push, e.g. binned_slate_collection.py, handle this themselves; check realized = ||stop-start||.)
WARNING pile-aware: 8/32 pushes cannot travel their requested length even from a clamped start, and were shortened - those transitions are NOT at the requested length. (Callers that redraw on a short push, e.g. binned_slate_collection.py, handle this themselves; check realized = ||stop-start||.)
WARNING pile-aware: 6/32 pushes cannot travel their requested length even from a clamped start, and were shortened - those transitions are NOT at the requested length. (Callers that redraw on a short push, e.g. binned_slate_collection.py, handle this themselves; check realized = ||stop-start||.)
WARNING pile-aware: 11/32 pushes cannot travel their requested length even from a clamped start, and were shortened - those transitions are NOT at the requested length. (Callers that redraw on a short push, e.g. binned_slate_collection.py, handle this themselves; check realized = ||stop-start||.)
WARNING pile-aware: 8/32 pushes cannot travel their requested length even from a clamped start, and were shortened - those transitions are NOT at the requested length. (Callers that redraw on a short push, e.g. binned_slate_collection.py, handle this themselves; check realized = ||stop-start||.)
WARNING pile-aware: 9/32 pushes cannot travel their requested length even from a clamped start, and were shortened - those transitions are NOT at the requested length. (Callers that redraw on a short push, e.g. binned_slate_collection.py, handle this themselves; check realized = ||stop-start||.)
WARNING pile-aware: 6/32 pushes cannot travel their requested length even from a clamped start, and were shortened - those transitions are NOT at the requested length. (Callers that redraw on a short push, e.g. binned_slate_collection.py, handle this themselves; check realized = ||stop-start||.)
WARNING pile-aware: 7/32 pushes cannot travel their requested length even from a clamped start, and were shortened - those transitions are NOT at the requested length. (Callers that redraw on a short push, e.g. binned_slate_collection.py, handle this themselves; check realized = ||stop-start||.)
WARNING pile-aware: 12/32 pushes cannot travel their requested length even from a clamped start, and were shortened - those transitions are NOT at the requested length. (Callers that redraw on a short push, e.g. binned_slate_collection.py, handle this themselves; check realized = ||stop-start||.)
WARNING pile-aware: 7/32 pushes cannot travel their requested length even from a clamped start, and were shortened - those transitions are NOT at the requested length. (Callers that redraw on a short push, e.g. binned_slate_collection.py, handle this themselves; check realized = ||stop-start||.)
WARNING pile-aware: 4/32 pushes cannot travel their requested length even from a clamped start, and were shortened - those transitions are NOT at the requested length. (Callers that redraw on a short push, e.g. binned_slate_collection.py, handle this themselves; check realized = ||stop-start||.)
WARNING pile-aware: 5/32 pushes cannot travel their requested length even from a clamped start, and were shortened - those transitions are NOT at the requested length. (Callers that redraw on a short push, e.g. binned_slate_collection.py, handle this themselves; check realized = ||stop-start||.)
WARNING pile-aware: 7/32 pushes cannot travel their requested length even from a clamped start, and were shortened - those transitions are NOT at the requested length. (Callers that redraw on a short push, e.g. binned_slate_collection.py, handle this themselves; check realized = ||stop-start||.)
WARNING pile-aware: 5/32 pushes cannot travel their requested length even from a clamped start, and were shortened - those transitions are NOT at the requested length. (Callers that redraw on a short push, e.g. binned_slate_collection.py, handle this themselves; check realized = ||stop-start||.)
WARNING pile-aware: 9/32 pushes cannot travel their requested length even from a clamped start, and were shortened - those transitions are NOT at the requested length. (Callers that redraw on a short push, e.g. binned_slate_collection.py, handle this themselves; check realized = ||stop-start||.)
WARNING pile-aware: 8/32 pushes cannot travel their requested length even from a clamped start, and were shortened - those transitions are NOT at the requested length. (Callers that redraw on a short push, e.g. binned_slate_collection.py, handle this themselves; check realized = ||stop-start||.)
WARNING pile-aware: 9/32 pushes cannot travel their requested length even from a clamped start, and were shortened - those transitions are NOT at the requested length. (Callers that redraw on a short push, e.g. binned_slate_collection.py, handle this themselves; check realized = ||stop-start||.)
WARNING pile-aware: 5/32 pushes cannot travel their requested length even from a clamped start, and were shortened - those transitions are NOT at the requested length. (Callers that redraw on a short push, e.g. binned_slate_collection.py, handle this themselves; check realized = ||stop-start||.)
WARNING pile-aware: 6/32 pushes cannot travel their requested length even from a clamped start, and were shortened - those transitions are NOT at the requested length. (Callers that redraw on a short push, e.g. binned_slate_collection.py, handle this themselves; check realized = ||stop-start||.)
WARNING pile-aware: 5/32 pushes cannot travel their requested length even from a clamped start, and were shortened - those transitions are NOT at the requested length. (Callers that redraw on a short push, e.g. binned_slate_collection.py, handle this themselves; check realized = ||stop-start||.)
WARNING pile-aware: 8/32 pushes cannot travel their requested length even from a clamped start, and were shortened - those transitions are NOT at the requested length. (Callers that redraw on a short push, e.g. binned_slate_collection.py, handle this themselves; check realized = ||stop-start||.)
WARNING pile-aware: 7/32 pushes cannot travel their requested length even from a clamped start, and were shortened - those transitions are NOT at the requested length. (Callers that redraw on a short push, e.g. binned_slate_collection.py, handle this themselves; check realized = ||stop-start||.)
WARNING pile-aware: 7/32 pushes cannot travel their requested length even from a clamped start, and were shortened - those transitions are NOT at the requested length. (Callers that redraw on a short push, e.g. binned_slate_collection.py, handle this themselves; check realized = ||stop-start||.)
WARNING pile-aware: 8/32 pushes cannot travel their requested length even from a clamped start, and were shortened - those transitions are NOT at the requested length. (Callers that redraw on a short push, e.g. binned_slate_collection.py, handle this themselves; check realized = ||stop-start||.)
WARNING pile-aware: 6/32 pushes cannot travel their requested length even from a clamped start, and were shortened - those transitions are NOT at the requested length. (Callers that redraw on a short push, e.g. binned_slate_collection.py, handle this themselves; check realized = ||stop-start||.)
WARNING pile-aware: 8/32 pushes cannot travel their requested length even from a clamped start, and were shortened - those transitions are NOT at the requested length. (Callers that redraw on a short push, e.g. binned_slate_collection.py, handle this themselves; check realized = ||stop-start||.)
WARNING pile-aware: 5/32 pushes cannot travel their requested length even from a clamped start, and were shortened - those transitions are NOT at the requested length. (Callers that redraw on a short push, e.g. binned_slate_collection.py, handle this themselves; check realized = ||stop-start||.)
WARNING pile-aware: 6/32 pushes cannot travel their requested length even from a clamped start, and were shortened - those transitions are NOT at the requested length. (Callers that redraw on a short push, e.g. binned_slate_collection.py, handle this themselves; check realized = ||stop-start||.)
WARNING pile-aware: 5/32 pushes cannot travel their requested length even from a clamped start, and were shortened - those transitions are NOT at the requested length. (Callers that redraw on a short push, e.g. binned_slate_collection.py, handle this themselves; check realized = ||stop-start||.)
chunk 6: 256 rows, 256 valid, single-layer after 256, 128s
WARNING pile-aware: 10/32 pushes cannot travel their requested length even from a clamped start, and were shortened - those transitions are NOT at the requested length. (Callers that redraw on a short push, e.g. binned_slate_collection.py, handle this themselves; check realized = ||stop-start||.)
WARNING pile-aware: 11/32 pushes cannot travel their requested length even from a clamped start, and were shortened - those transitions are NOT at the requested length. (Callers that redraw on a short push, e.g. binned_slate_collection.py, handle this themselves; check realized = ||stop-start||.)
WARNING pile-aware: 5/32 pushes cannot travel their requested length even from a clamped start, and were shortened - those transitions are NOT at the requested length. (Callers that redraw on a short push, e.g. binned_slate_collection.py, handle this themselves; check realized = ||stop-start||.)
WARNING pile-aware: 11/32 pushes cannot travel their requested length even from a clamped start, and were shortened - those transitions are NOT at the requested length. (Callers that redraw on a short push, e.g. binned_slate_collection.py, handle this themselves; check realized = ||stop-start||.)
WARNING pile-aware: 9/32 pushes cannot travel their requested length even from a clamped start, and were shortened - those transitions are NOT at the requested length. (Callers that redraw on a short push, e.g. binned_slate_collection.py, handle this themselves; check realized = ||stop-start||.)
WARNING pile-aware: 9/32 pushes cannot travel their requested length even from a clamped start, and were shortened - those transitions are NOT at the requested length. (Callers that redraw on a short push, e.g. binned_slate_collection.py, handle this themselves; check realized = ||stop-start||.)
WARNING pile-aware: 9/32 pushes cannot travel their requested length even from a clamped start, and were shortened - those transitions are NOT at the requested length. (Callers that redraw on a short push, e.g. binned_slate_collection.py, handle this themselves; check realized = ||stop-start||.)
WARNING pile-aware: 12/32 pushes cannot travel their requested length even from a clamped start, and were shortened - those transitions are NOT at the requested length. (Callers that redraw on a short push, e.g. binned_slate_collection.py, handle this themselves; check realized = ||stop-start||.)
WARNING pile-aware: 7/32 pushes cannot travel their requested length even from a clamped start, and were shortened - those transitions are NOT at the requested length. (Callers that redraw on a short push, e.g. binned_slate_collection.py, handle this themselves; check realized = ||stop-start||.)
WARNING pile-aware: 3/32 pushes cannot travel their requested length even from a clamped start, and were shortened - those transitions are NOT at the requested length. (Callers that redraw on a short push, e.g. binned_slate_collection.py, handle this themselves; check realized = ||stop-start||.)
WARNING pile-aware: 6/32 pushes cannot travel their requested length even from a clamped start, and were shortened - those transitions are NOT at the requested length. (Callers that redraw on a short push, e.g. binned_slate_collection.py, handle this themselves; check realized = ||stop-start||.)
WARNING pile-aware: 7/32 pushes cannot travel their requested length even from a clamped start, and were shortened - those transitions are NOT at the requested length. (Callers that redraw on a short push, e.g. binned_slate_collection.py, handle this themselves; check realized = ||stop-start||.)
WARNING pile-aware: 5/32 pushes cannot travel their requested length even from a clamped start, and were shortened - those transitions are NOT at the requested length. (Callers that redraw on a short push, e.g. binned_slate_collection.py, handle this themselves; check realized = ||stop-start||.)
WARNING pile-aware: 10/32 pushes cannot travel their requested length even from a clamped start, and were shortened - those transitions are NOT at the requested length. (Callers that redraw on a short push, e.g. binned_slate_collection.py, handle this themselves; check realized = ||stop-start||.)
WARNING pile-aware: 10/32 pushes cannot travel their requested length even from a clamped start, and were shortened - those transitions are NOT at the requested length. (Callers that redraw on a short push, e.g. binned_slate_collection.py, handle this themselves; check realized = ||stop-start||.)
WARNING pile-aware: 6/32 pushes cannot travel their requested length even from a clamped start, and were shortened - those transitions are NOT at the requested length. (Callers that redraw on a short push, e.g. binned_slate_collection.py, handle this themselves; check realized = ||stop-start||.)
WARNING pile-aware: 5/32 pushes cannot travel their requested length even from a clamped start, and were shortened - those transitions are NOT at the requested length. (Callers that redraw on a short push, e.g. binned_slate_collection.py, handle this themselves; check realized = ||stop-start||.)
WARNING pile-aware: 6/32 pushes cannot travel their requested length even from a clamped start, and were shortened - those transitions are NOT at the requested length. (Callers that redraw on a short push, e.g. binned_slate_collection.py, handle this themselves; check realized = ||stop-start||.)
WARNING pile-aware: 8/32 pushes cannot travel their requested length even from a clamped start, and were shortened - those transitions are NOT at the requested length. (Callers that redraw on a short push, e.g. binned_slate_collection.py, handle this themselves; check realized = ||stop-start||.)
WARNING pile-aware: 5/32 pushes cannot travel their requested length even from a clamped start, and were shortened - those transitions are NOT at the requested length. (Callers that redraw on a short push, e.g. binned_slate_collection.py, handle this themselves; check realized = ||stop-start||.)
WARNING pile-aware: 5/32 pushes cannot travel their requested length even from a clamped start, and were shortened - those transitions are NOT at the requested length. (Callers that redraw on a short push, e.g. binned_slate_collection.py, handle this themselves; check realized = ||stop-start||.)
WARNING pile-aware: 7/32 pushes cannot travel their requested length even from a clamped start, and were shortened - those transitions are NOT at the requested length. (Callers that redraw on a short push, e.g. binned_slate_collection.py, handle this themselves; check realized = ||stop-start||.)
WARNING pile-aware: 6/32 pushes cannot travel their requested length even from a clamped start, and were shortened - those transitions are NOT at the requested length. (Callers that redraw on a short push, e.g. binned_slate_collection.py, handle this themselves; check realized = ||stop-start||.)
WARNING pile-aware: 8/32 pushes cannot travel their requested length even from a clamped start, and were shortened - those transitions are NOT at the requested length. (Callers that redraw on a short push, e.g. binned_slate_collection.py, handle this themselves; check realized = ||stop-start||.)
WARNING pile-aware: 11/32 pushes cannot travel their requested length even from a clamped start, and were shortened - those transitions are NOT at the requested length. (Callers that redraw on a short push, e.g. binned_slate_collection.py, handle this themselves; check realized = ||stop-start||.)
WARNING pile-aware: 4/32 pushes cannot travel their requested length even from a clamped start, and were shortened - those transitions are NOT at the requested length. (Callers that redraw on a short push, e.g. binned_slate_collection.py, handle this themselves; check realized = ||stop-start||.)
WARNING pile-aware: 6/32 pushes cannot travel their requested length even from a clamped start, and were shortened - those transitions are NOT at the requested length. (Callers that redraw on a short push, e.g. binned_slate_collection.py, handle this themselves; check realized = ||stop-start||.)
WARNING pile-aware: 5/32 pushes cannot travel their requested length even from a clamped start, and were shortened - those transitions are NOT at the requested length. (Callers that redraw on a short push, e.g. binned_slate_collection.py, handle this themselves; check realized = ||stop-start||.)
WARNING pile-aware: 6/32 pushes cannot travel their requested length even from a clamped start, and were shortened - those transitions are NOT at the requested length. (Callers that redraw on a short push, e.g. binned_slate_collection.py, handle this themselves; check realized = ||stop-start||.)
WARNING pile-aware: 5/32 pushes cannot travel their requested length even from a clamped start, and were shortened - those transitions are NOT at the requested length. (Callers that redraw on a short push, e.g. binned_slate_collection.py, handle this themselves; check realized = ||stop-start||.)
WARNING pile-aware: 10/32 pushes cannot travel their requested length even from a clamped start, and were shortened - those transitions are NOT at the requested length. (Callers that redraw on a short push, e.g. binned_slate_collection.py, handle this themselves; check realized = ||stop-start||.)
WARNING pile-aware: 5/32 pushes cannot travel their requested length even from a clamped start, and were shortened - those transitions are NOT at the requested length. (Callers that redraw on a short push, e.g. binned_slate_collection.py, handle this themselves; check realized = ||stop-start||.)
chunk 7: 256 rows, 256 valid, single-layer after 256, 110s
WARNING pile-aware: 11/32 pushes cannot travel their requested length even from a clamped start, and were shortened - those transitions are NOT at the requested length. (Callers that redraw on a short push, e.g. binned_slate_collection.py, handle this themselves; check realized = ||stop-start||.)
WARNING pile-aware: 4/32 pushes cannot travel their requested length even from a clamped start, and were shortened - those transitions are NOT at the requested length. (Callers that redraw on a short push, e.g. binned_slate_collection.py, handle this themselves; check realized = ||stop-start||.)
WARNING pile-aware: 8/32 pushes cannot travel their requested length even from a clamped start, and were shortened - those transitions are NOT at the requested length. (Callers that redraw on a short push, e.g. binned_slate_collection.py, handle this themselves; check realized = ||stop-start||.)
WARNING pile-aware: 15/32 pushes cannot travel their requested length even from a clamped start, and were shortened - those transitions are NOT at the requested length. (Callers that redraw on a short push, e.g. binned_slate_collection.py, handle this themselves; check realized = ||stop-start||.)
WARNING pile-aware: 8/32 pushes cannot travel their requested length even from a clamped start, and were shortened - those transitions are NOT at the requested length. (Callers that redraw on a short push, e.g. binned_slate_collection.py, handle this themselves; check realized = ||stop-start||.)
WARNING pile-aware: 4/32 pushes cannot travel their requested length even from a clamped start, and were shortened - those transitions are NOT at the requested length. (Callers that redraw on a short push, e.g. binned_slate_collection.py, handle this themselves; check realized = ||stop-start||.)
WARNING pile-aware: 7/32 pushes cannot travel their requested length even from a clamped start, and were shortened - those transitions are NOT at the requested length. (Callers that redraw on a short push, e.g. binned_slate_collection.py, handle this themselves; check realized = ||stop-start||.)
WARNING pile-aware: 7/32 pushes cannot travel their requested length even from a clamped start, and were shortened - those transitions are NOT at the requested length. (Callers that redraw on a short push, e.g. binned_slate_collection.py, handle this themselves; check realized = ||stop-start||.)
WARNING pile-aware: 7/32 pushes cannot travel their requested length even from a clamped start, and were shortened - those transitions are NOT at the requested length. (Callers that redraw on a short push, e.g. binned_slate_collection.py, handle this themselves; check realized = ||stop-start||.)
WARNING pile-aware: 7/32 pushes cannot travel their requested length even from a clamped start, and were shortened - those transitions are NOT at the requested length. (Callers that redraw on a short push, e.g. binned_slate_collection.py, handle this themselves; check realized = ||stop-start||.)
WARNING pile-aware: 7/32 pushes cannot travel their requested length even from a clamped start, and were shortened - those transitions are NOT at the requested length. (Callers that redraw on a short push, e.g. binned_slate_collection.py, handle this themselves; check realized = ||stop-start||.)
WARNING pile-aware: 5/32 pushes cannot travel their requested length even from a clamped start, and were shortened - those transitions are NOT at the requested length. (Callers that redraw on a short push, e.g. binned_slate_collection.py, handle this themselves; check realized = ||stop-start||.)
WARNING pile-aware: 8/32 pushes cannot travel their requested length even from a clamped start, and were shortened - those transitions are NOT at the requested length. (Callers that redraw on a short push, e.g. binned_slate_collection.py, handle this themselves; check realized = ||stop-start||.)
WARNING pile-aware: 4/32 pushes cannot travel their requested length even from a clamped start, and were shortened - those transitions are NOT at the requested length. (Callers that redraw on a short push, e.g. binned_slate_collection.py, handle this themselves; check realized = ||stop-start||.)
WARNING pile-aware: 6/32 pushes cannot travel their requested length even from a clamped start, and were shortened - those transitions are NOT at the requested length. (Callers that redraw on a short push, e.g. binned_slate_collection.py, handle this themselves; check realized = ||stop-start||.)
WARNING pile-aware: 6/32 pushes cannot travel their requested length even from a clamped start, and were shortened - those transitions are NOT at the requested length. (Callers that redraw on a short push, e.g. binned_slate_collection.py, handle this themselves; check realized = ||stop-start||.)
WARNING pile-aware: 6/32 pushes cannot travel their requested length even from a clamped start, and were shortened - those transitions are NOT at the requested length. (Callers that redraw on a short push, e.g. binned_slate_collection.py, handle this themselves; check realized = ||stop-start||.)
WARNING pile-aware: 7/32 pushes cannot travel their requested length even from a clamped start, and were shortened - those transitions are NOT at the requested length. (Callers that redraw on a short push, e.g. binned_slate_collection.py, handle this themselves; check realized = ||stop-start||.)
WARNING pile-aware: 7/32 pushes cannot travel their requested length even from a clamped start, and were shortened - those transitions are NOT at the requested length. (Callers that redraw on a short push, e.g. binned_slate_collection.py, handle this themselves; check realized = ||stop-start||.)
WARNING pile-aware: 6/32 pushes cannot travel their requested length even from a clamped start, and were shortened - those transitions are NOT at the requested length. (Callers that redraw on a short push, e.g. binned_slate_collection.py, handle this themselves; check realized = ||stop-start||.)
WARNING pile-aware: 3/32 pushes cannot travel their requested length even from a clamped start, and were shortened - those transitions are NOT at the requested length. (Callers that redraw on a short push, e.g. binned_slate_collection.py, handle this themselves; check realized = ||stop-start||.)
WARNING pile-aware: 5/32 pushes cannot travel their requested length even from a clamped start, and were shortened - those transitions are NOT at the requested length. (Callers that redraw on a short push, e.g. binned_slate_collection.py, handle this themselves; check realized = ||stop-start||.)
WARNING pile-aware: 5/32 pushes cannot travel their requested length even from a clamped start, and were shortened - those transitions are NOT at the requested length. (Callers that redraw on a short push, e.g. binned_slate_collection.py, handle this themselves; check realized = ||stop-start||.)
WARNING pile-aware: 5/32 pushes cannot travel their requested length even from a clamped start, and were shortened - those transitions are NOT at the requested length. (Callers that redraw on a short push, e.g. binned_slate_collection.py, handle this themselves; check realized = ||stop-start||.)
WARNING pile-aware: 4/32 pushes cannot travel their requested length even from a clamped start, and were shortened - those transitions are NOT at the requested length. (Callers that redraw on a short push, e.g. binned_slate_collection.py, handle this themselves; check realized = ||stop-start||.)
WARNING pile-aware: 7/32 pushes cannot travel their requested length even from a clamped start, and were shortened - those transitions are NOT at the requested length. (Callers that redraw on a short push, e.g. binned_slate_collection.py, handle this themselves; check realized = ||stop-start||.)
WARNING pile-aware: 6/32 pushes cannot travel their requested length even from a clamped start, and were shortened - those transitions are NOT at the requested length. (Callers that redraw on a short push, e.g. binned_slate_collection.py, handle this themselves; check realized = ||stop-start||.)
WARNING pile-aware: 6/32 pushes cannot travel their requested length even from a clamped start, and were shortened - those transitions are NOT at the requested length. (Callers that redraw on a short push, e.g. binned_slate_collection.py, handle this themselves; check realized = ||stop-start||.)
chunk 8: 256 rows, 256 valid, single-layer after 256, 125s
WARNING pile-aware: 7/32 pushes cannot travel their requested length even from a clamped start, and were shortened - those transitions are NOT at the requested length. (Callers that redraw on a short push, e.g. binned_slate_collection.py, handle this themselves; check realized = ||stop-start||.)
WARNING pile-aware: 7/32 pushes cannot travel their requested length even from a clamped start, and were shortened - those transitions are NOT at the requested length. (Callers that redraw on a short push, e.g. binned_slate_collection.py, handle this themselves; check realized = ||stop-start||.)
WARNING pile-aware: 11/32 pushes cannot travel their requested length even from a clamped start, and were shortened - those transitions are NOT at the requested length. (Callers that redraw on a short push, e.g. binned_slate_collection.py, handle this themselves; check realized = ||stop-start||.)
WARNING pile-aware: 6/32 pushes cannot travel their requested length even from a clamped start, and were shortened - those transitions are NOT at the requested length. (Callers that redraw on a short push, e.g. binned_slate_collection.py, handle this themselves; check realized = ||stop-start||.)
WARNING pile-aware: 11/32 pushes cannot travel their requested length even from a clamped start, and were shortened - those transitions are NOT at the requested length. (Callers that redraw on a short push, e.g. binned_slate_collection.py, handle this themselves; check realized = ||stop-start||.)
WARNING pile-aware: 13/32 pushes cannot travel their requested length even from a clamped start, and were shortened - those transitions are NOT at the requested length. (Callers that redraw on a short push, e.g. binned_slate_collection.py, handle this themselves; check realized = ||stop-start||.)
WARNING pile-aware: 11/32 pushes cannot travel their requested length even from a clamped start, and were shortened - those transitions are NOT at the requested length. (Callers that redraw on a short push, e.g. binned_slate_collection.py, handle this themselves; check realized = ||stop-start||.)
WARNING pile-aware: 6/32 pushes cannot travel their requested length even from a clamped start, and were shortened - those transitions are NOT at the requested length. (Callers that redraw on a short push, e.g. binned_slate_collection.py, handle this themselves; check realized = ||stop-start||.)
WARNING pile-aware: 9/32 pushes cannot travel their requested length even from a clamped start, and were shortened - those transitions are NOT at the requested length. (Callers that redraw on a short push, e.g. binned_slate_collection.py, handle this themselves; check realized = ||stop-start||.)
WARNING pile-aware: 6/32 pushes cannot travel their requested length even from a clamped start, and were shortened - those transitions are NOT at the requested length. (Callers that redraw on a short push, e.g. binned_slate_collection.py, handle this themselves; check realized = ||stop-start||.)
WARNING pile-aware: 11/32 pushes cannot travel their requested length even from a clamped start, and were shortened - those transitions are NOT at the requested length. (Callers that redraw on a short push, e.g. binned_slate_collection.py, handle this themselves; check realized = ||stop-start||.)
WARNING pile-aware: 9/32 pushes cannot travel their requested length even from a clamped start, and were shortened - those transitions are NOT at the requested length. (Callers that redraw on a short push, e.g. binned_slate_collection.py, handle this themselves; check realized = ||stop-start||.)
WARNING pile-aware: 9/32 pushes cannot travel their requested length even from a clamped start, and were shortened - those transitions are NOT at the requested length. (Callers that redraw on a short push, e.g. binned_slate_collection.py, handle this themselves; check realized = ||stop-start||.)
WARNING pile-aware: 11/32 pushes cannot travel their requested length even from a clamped start, and were shortened - those transitions are NOT at the requested length. (Callers that redraw on a short push, e.g. binned_slate_collection.py, handle this themselves; check realized = ||stop-start||.)
WARNING pile-aware: 7/32 pushes cannot travel their requested length even from a clamped start, and were shortened - those transitions are NOT at the requested length. (Callers that redraw on a short push, e.g. binned_slate_collection.py, handle this themselves; check realized = ||stop-start||.)
WARNING pile-aware: 6/32 pushes cannot travel their requested length even from a clamped start, and were shortened - those transitions are NOT at the requested length. (Callers that redraw on a short push, e.g. binned_slate_collection.py, handle this themselves; check realized = ||stop-start||.)
WARNING pile-aware: 11/32 pushes cannot travel their requested length even from a clamped start, and were shortened - those transitions are NOT at the requested length. (Callers that redraw on a short push, e.g. binned_slate_collection.py, handle this themselves; check realized = ||stop-start||.)
WARNING pile-aware: 8/32 pushes cannot travel their requested length even from a clamped start, and were shortened - those transitions are NOT at the requested length. (Callers that redraw on a short push, e.g. binned_slate_collection.py, handle this themselves; check realized = ||stop-start||.)
WARNING pile-aware: 10/32 pushes cannot travel their requested length even from a clamped start, and were shortened - those transitions are NOT at the requested length. (Callers that redraw on a short push, e.g. binned_slate_collection.py, handle this themselves; check realized = ||stop-start||.)
WARNING pile-aware: 5/32 pushes cannot travel their requested length even from a clamped start, and were shortened - those transitions are NOT at the requested length. (Callers that redraw on a short push, e.g. binned_slate_collection.py, handle this themselves; check realized = ||stop-start||.)
WARNING pile-aware: 8/32 pushes cannot travel their requested length even from a clamped start, and were shortened - those transitions are NOT at the requested length. (Callers that redraw on a short push, e.g. binned_slate_collection.py, handle this themselves; check realized = ||stop-start||.)
WARNING pile-aware: 6/32 pushes cannot travel their requested length even from a clamped start, and were shortened - those transitions are NOT at the requested length. (Callers that redraw on a short push, e.g. binned_slate_collection.py, handle this themselves; check realized = ||stop-start||.)
WARNING pile-aware: 12/32 pushes cannot travel their requested length even from a clamped start, and were shortened - those transitions are NOT at the requested length. (Callers that redraw on a short push, e.g. binned_slate_collection.py, handle this themselves; check realized = ||stop-start||.)
WARNING pile-aware: 5/32 pushes cannot travel their requested length even from a clamped start, and were shortened - those transitions are NOT at the requested length. (Callers that redraw on a short push, e.g. binned_slate_collection.py, handle this themselves; check realized = ||stop-start||.)
WARNING pile-aware: 6/32 pushes cannot travel their requested length even from a clamped start, and were shortened - those transitions are NOT at the requested length. (Callers that redraw on a short push, e.g. binned_slate_collection.py, handle this themselves; check realized = ||stop-start||.)
WARNING pile-aware: 5/32 pushes cannot travel their requested length even from a clamped start, and were shortened - those transitions are NOT at the requested length. (Callers that redraw on a short push, e.g. binned_slate_collection.py, handle this themselves; check realized = ||stop-start||.)
WARNING pile-aware: 6/32 pushes cannot travel their requested length even from a clamped start, and were shortened - those transitions are NOT at the requested length. (Callers that redraw on a short push, e.g. binned_slate_collection.py, handle this themselves; check realized = ||stop-start||.)
WARNING pile-aware: 4/32 pushes cannot travel their requested length even from a clamped start, and were shortened - those transitions are NOT at the requested length. (Callers that redraw on a short push, e.g. binned_slate_collection.py, handle this themselves; check realized = ||stop-start||.)
WARNING pile-aware: 4/32 pushes cannot travel their requested length even from a clamped start, and were shortened - those transitions are NOT at the requested length. (Callers that redraw on a short push, e.g. binned_slate_collection.py, handle this themselves; check realized = ||stop-start||.)
WARNING pile-aware: 4/32 pushes cannot travel their requested length even from a clamped start, and were shortened - those transitions are NOT at the requested length. (Callers that redraw on a short push, e.g. binned_slate_collection.py, handle this themselves; check realized = ||stop-start||.)
WARNING pile-aware: 6/32 pushes cannot travel their requested length even from a clamped start, and were shortened - those transitions are NOT at the requested length. (Callers that redraw on a short push, e.g. binned_slate_collection.py, handle this themselves; check realized = ||stop-start||.)
WARNING pile-aware: 7/32 pushes cannot travel their requested length even from a clamped start, and were shortened - those transitions are NOT at the requested length. (Callers that redraw on a short push, e.g. binned_slate_collection.py, handle this themselves; check realized = ||stop-start||.)
WARNING pile-aware: 4/32 pushes cannot travel their requested length even from a clamped start, and were shortened - those transitions are NOT at the requested length. (Callers that redraw on a short push, e.g. binned_slate_collection.py, handle this themselves; check realized = ||stop-start||.)
chunk 9: 256 rows, 256 valid, single-layer after 256, 106s
WARNING pile-aware: 11/32 pushes cannot travel their requested length even from a clamped start, and were shortened - those transitions are NOT at the requested length. (Callers that redraw on a short push, e.g. binned_slate_collection.py, handle this themselves; check realized = ||stop-start||.)
WARNING pile-aware: 6/32 pushes cannot travel their requested length even from a clamped start, and were shortened - those transitions are NOT at the requested length. (Callers that redraw on a short push, e.g. binned_slate_collection.py, handle this themselves; check realized = ||stop-start||.)
WARNING pile-aware: 11/32 pushes cannot travel their requested length even from a clamped start, and were shortened - those transitions are NOT at the requested length. (Callers that redraw on a short push, e.g. binned_slate_collection.py, handle this themselves; check realized = ||stop-start||.)
WARNING pile-aware: 8/32 pushes cannot travel their requested length even from a clamped start, and were shortened - those transitions are NOT at the requested length. (Callers that redraw on a short push, e.g. binned_slate_collection.py, handle this themselves; check realized = ||stop-start||.)
WARNING pile-aware: 8/32 pushes cannot travel their requested length even from a clamped start, and were shortened - those transitions are NOT at the requested length. (Callers that redraw on a short push, e.g. binned_slate_collection.py, handle this themselves; check realized = ||stop-start||.)
WARNING pile-aware: 6/32 pushes cannot travel their requested length even from a clamped start, and were shortened - those transitions are NOT at the requested length. (Callers that redraw on a short push, e.g. binned_slate_collection.py, handle this themselves; check realized = ||stop-start||.)
WARNING pile-aware: 7/32 pushes cannot travel their requested length even from a clamped start, and were shortened - those transitions are NOT at the requested length. (Callers that redraw on a short push, e.g. binned_slate_collection.py, handle this themselves; check realized = ||stop-start||.)
WARNING pile-aware: 9/32 pushes cannot travel their requested length even from a clamped start, and were shortened - those transitions are NOT at the requested length. (Callers that redraw on a short push, e.g. binned_slate_collection.py, handle this themselves; check realized = ||stop-start||.)
WARNING pile-aware: 6/32 pushes cannot travel their requested length even from a clamped start, and were shortened - those transitions are NOT at the requested length. (Callers that redraw on a short push, e.g. binned_slate_collection.py, handle this themselves; check realized = ||stop-start||.)
WARNING pile-aware: 13/32 pushes cannot travel their requested length even from a clamped start, and were shortened - those transitions are NOT at the requested length. (Callers that redraw on a short push, e.g. binned_slate_collection.py, handle this themselves; check realized = ||stop-start||.)
WARNING pile-aware: 9/32 pushes cannot travel their requested length even from a clamped start, and were shortened - those transitions are NOT at the requested length. (Callers that redraw on a short push, e.g. binned_slate_collection.py, handle this themselves; check realized = ||stop-start||.)
WARNING pile-aware: 5/32 pushes cannot travel their requested length even from a clamped start, and were shortened - those transitions are NOT at the requested length. (Callers that redraw on a short push, e.g. binned_slate_collection.py, handle this themselves; check realized = ||stop-start||.)
WARNING pile-aware: 8/32 pushes cannot travel their requested length even from a clamped start, and were shortened - those transitions are NOT at the requested length. (Callers that redraw on a short push, e.g. binned_slate_collection.py, handle this themselves; check realized = ||stop-start||.)
WARNING pile-aware: 6/32 pushes cannot travel their requested length even from a clamped start, and were shortened - those transitions are NOT at the requested length. (Callers that redraw on a short push, e.g. binned_slate_collection.py, handle this themselves; check realized = ||stop-start||.)
WARNING pile-aware: 7/32 pushes cannot travel their requested length even from a clamped start, and were shortened - those transitions are NOT at the requested length. (Callers that redraw on a short push, e.g. binned_slate_collection.py, handle this themselves; check realized = ||stop-start||.)
WARNING pile-aware: 4/32 pushes cannot travel their requested length even from a clamped start, and were shortened - those transitions are NOT at the requested length. (Callers that redraw on a short push, e.g. binned_slate_collection.py, handle this themselves; check realized = ||stop-start||.)
WARNING pile-aware: 9/32 pushes cannot travel their requested length even from a clamped start, and were shortened - those transitions are NOT at the requested length. (Callers that redraw on a short push, e.g. binned_slate_collection.py, handle this themselves; check realized = ||stop-start||.)
WARNING pile-aware: 11/32 pushes cannot travel their requested length even from a clamped start, and were shortened - those transitions are NOT at the requested length. (Callers that redraw on a short push, e.g. binned_slate_collection.py, handle this themselves; check realized = ||stop-start||.)
WARNING pile-aware: 13/32 pushes cannot travel their requested length even from a clamped start, and were shortened - those transitions are NOT at the requested length. (Callers that redraw on a short push, e.g. binned_slate_collection.py, handle this themselves; check realized = ||stop-start||.)
WARNING pile-aware: 7/32 pushes cannot travel their requested length even from a clamped start, and were shortened - those transitions are NOT at the requested length. (Callers that redraw on a short push, e.g. binned_slate_collection.py, handle this themselves; check realized = ||stop-start||.)
WARNING pile-aware: 4/32 pushes cannot travel their requested length even from a clamped start, and were shortened - those transitions are NOT at the requested length. (Callers that redraw on a short push, e.g. binned_slate_collection.py, handle this themselves; check realized = ||stop-start||.)
WARNING pile-aware: 9/32 pushes cannot travel their requested length even from a clamped start, and were shortened - those transitions are NOT at the requested length. (Callers that redraw on a short push, e.g. binned_slate_collection.py, handle this themselves; check realized = ||stop-start||.)
WARNING pile-aware: 4/32 pushes cannot travel their requested length even from a clamped start, and were shortened - those transitions are NOT at the requested length. (Callers that redraw on a short push, e.g. binned_slate_collection.py, handle this themselves; check realized = ||stop-start||.)
WARNING pile-aware: 8/32 pushes cannot travel their requested length even from a clamped start, and were shortened - those transitions are NOT at the requested length. (Callers that redraw on a short push, e.g. binned_slate_collection.py, handle this themselves; check realized = ||stop-start||.)
WARNING pile-aware: 3/32 pushes cannot travel their requested length even from a clamped start, and were shortened - those transitions are NOT at the requested length. (Callers that redraw on a short push, e.g. binned_slate_collection.py, handle this themselves; check realized = ||stop-start||.)
WARNING pile-aware: 9/32 pushes cannot travel their requested length even from a clamped start, and were shortened - those transitions are NOT at the requested length. (Callers that redraw on a short push, e.g. binned_slate_collection.py, handle this themselves; check realized = ||stop-start||.)
WARNING pile-aware: 9/32 pushes cannot travel their requested length even from a clamped start, and were shortened - those transitions are NOT at the requested length. (Callers that redraw on a short push, e.g. binned_slate_collection.py, handle this themselves; check realized = ||stop-start||.)
WARNING pile-aware: 7/32 pushes cannot travel their requested length even from a clamped start, and were shortened - those transitions are NOT at the requested length. (Callers that redraw on a short push, e.g. binned_slate_collection.py, handle this themselves; check realized = ||stop-start||.)
WARNING pile-aware: 10/32 pushes cannot travel their requested length even from a clamped start, and were shortened - those transitions are NOT at the requested length. (Callers that redraw on a short push, e.g. binned_slate_collection.py, handle this themselves; check realized = ||stop-start||.)
WARNING pile-aware: 9/32 pushes cannot travel their requested length even from a clamped start, and were shortened - those transitions are NOT at the requested length. (Callers that redraw on a short push, e.g. binned_slate_collection.py, handle this themselves; check realized = ||stop-start||.)
WARNING pile-aware: 7/32 pushes cannot travel their requested length even from a clamped start, and were shortened - those transitions are NOT at the requested length. (Callers that redraw on a short push, e.g. binned_slate_collection.py, handle this themselves; check realized = ||stop-start||.)
WARNING pile-aware: 11/32 pushes cannot travel their requested length even from a clamped start, and were shortened - those transitions are NOT at the requested length. (Callers that redraw on a short push, e.g. binned_slate_collection.py, handle this themselves; check realized = ||stop-start||.)
WARNING pile-aware: 7/32 pushes cannot travel their requested length even from a clamped start, and were shortened - those transitions are NOT at the requested length. (Callers that redraw on a short push, e.g. binned_slate_collection.py, handle this themselves; check realized = ||stop-start||.)
WARNING pile-aware: 6/32 pushes cannot travel their requested length even from a clamped start, and were shortened - those transitions are NOT at the requested length. (Callers that redraw on a short push, e.g. binned_slate_collection.py, handle this themselves; check realized = ||stop-start||.)
WARNING pile-aware: 3/32 pushes cannot travel their requested length even from a clamped start, and were shortened - those transitions are NOT at the requested length. (Callers that redraw on a short push, e.g. binned_slate_collection.py, handle this themselves; check realized = ||stop-start||.)
WARNING pile-aware: 4/32 pushes cannot travel their requested length even from a clamped start, and were shortened - those transitions are NOT at the requested length. (Callers that redraw on a short push, e.g. binned_slate_collection.py, handle this themselves; check realized = ||stop-start||.)
WARNING pile-aware: 6/32 pushes cannot travel their requested length even from a clamped start, and were shortened - those transitions are NOT at the requested length. (Callers that redraw on a short push, e.g. binned_slate_collection.py, handle this themselves; check realized = ||stop-start||.)
WARNING pile-aware: 4/32 pushes cannot travel their requested length even from a clamped start, and were shortened - those transitions are NOT at the requested length. (Callers that redraw on a short push, e.g. binned_slate_collection.py, handle this themselves; check realized = ||stop-start||.)
WARNING pile-aware: 6/32 pushes cannot travel their requested length even from a clamped start, and were shortened - those transitions are NOT at the requested length. (Callers that redraw on a short push, e.g. binned_slate_collection.py, handle this themselves; check realized = ||stop-start||.)
WARNING pile-aware: 7/32 pushes cannot travel their requested length even from a clamped start, and were shortened - those transitions are NOT at the requested length. (Callers that redraw on a short push, e.g. binned_slate_collection.py, handle this themselves; check realized = ||stop-start||.)
WARNING pile-aware: 6/32 pushes cannot travel their requested length even from a clamped start, and were shortened - those transitions are NOT at the requested length. (Callers that redraw on a short push, e.g. binned_slate_collection.py, handle this themselves; check realized = ||stop-start||.)
chunk 10: 256 rows, 256 valid, single-layer after 256, 129s
WARNING pile-aware: 12/32 pushes cannot travel their requested length even from a clamped start, and were shortened - those transitions are NOT at the requested length. (Callers that redraw on a short push, e.g. binned_slate_collection.py, handle this themselves; check realized = ||stop-start||.)
WARNING pile-aware: 4/32 pushes cannot travel their requested length even from a clamped start, and were shortened - those transitions are NOT at the requested length. (Callers that redraw on a short push, e.g. binned_slate_collection.py, handle this themselves; check realized = ||stop-start||.)
WARNING pile-aware: 8/32 pushes cannot travel their requested length even from a clamped start, and were shortened - those transitions are NOT at the requested length. (Callers that redraw on a short push, e.g. binned_slate_collection.py, handle this themselves; check realized = ||stop-start||.)
WARNING pile-aware: 4/32 pushes cannot travel their requested length even from a clamped start, and were shortened - those transitions are NOT at the requested length. (Callers that redraw on a short push, e.g. binned_slate_collection.py, handle this themselves; check realized = ||stop-start||.)
WARNING pile-aware: 7/32 pushes cannot travel their requested length even from a clamped start, and were shortened - those transitions are NOT at the requested length. (Callers that redraw on a short push, e.g. binned_slate_collection.py, handle this themselves; check realized = ||stop-start||.)
WARNING pile-aware: 5/32 pushes cannot travel their requested length even from a clamped start, and were shortened - those transitions are NOT at the requested length. (Callers that redraw on a short push, e.g. binned_slate_collection.py, handle this themselves; check realized = ||stop-start||.)
WARNING pile-aware: 5/32 pushes cannot travel their requested length even from a clamped start, and were shortened - those transitions are NOT at the requested length. (Callers that redraw on a short push, e.g. binned_slate_collection.py, handle this themselves; check realized = ||stop-start||.)
WARNING pile-aware: 7/32 pushes cannot travel their requested length even from a clamped start, and were shortened - those transitions are NOT at the requested length. (Callers that redraw on a short push, e.g. binned_slate_collection.py, handle this themselves; check realized = ||stop-start||.)
WARNING pile-aware: 7/32 pushes cannot travel their requested length even from a clamped start, and were shortened - those transitions are NOT at the requested length. (Callers that redraw on a short push, e.g. binned_slate_collection.py, handle this themselves; check realized = ||stop-start||.)
WARNING pile-aware: 4/32 pushes cannot travel their requested length even from a clamped start, and were shortened - those transitions are NOT at the requested length. (Callers that redraw on a short push, e.g. binned_slate_collection.py, handle this themselves; check realized = ||stop-start||.)
WARNING pile-aware: 7/32 pushes cannot travel their requested length even from a clamped start, and were shortened - those transitions are NOT at the requested length. (Callers that redraw on a short push, e.g. binned_slate_collection.py, handle this themselves; check realized = ||stop-start||.)
WARNING pile-aware: 4/32 pushes cannot travel their requested length even from a clamped start, and were shortened - those transitions are NOT at the requested length. (Callers that redraw on a short push, e.g. binned_slate_collection.py, handle this themselves; check realized = ||stop-start||.)
WARNING pile-aware: 6/32 pushes cannot travel their requested length even from a clamped start, and were shortened - those transitions are NOT at the requested length. (Callers that redraw on a short push, e.g. binned_slate_collection.py, handle this themselves; check realized = ||stop-start||.)
WARNING pile-aware: 6/32 pushes cannot travel their requested length even from a clamped start, and were shortened - those transitions are NOT at the requested length. (Callers that redraw on a short push, e.g. binned_slate_collection.py, handle this themselves; check realized = ||stop-start||.)
WARNING pile-aware: 5/32 pushes cannot travel their requested length even from a clamped start, and were shortened - those transitions are NOT at the requested length. (Callers that redraw on a short push, e.g. binned_slate_collection.py, handle this themselves; check realized = ||stop-start||.)
WARNING pile-aware: 8/32 pushes cannot travel their requested length even from a clamped start, and were shortened - those transitions are NOT at the requested length. (Callers that redraw on a short push, e.g. binned_slate_collection.py, handle this themselves; check realized = ||stop-start||.)
WARNING pile-aware: 5/32 pushes cannot travel their requested length even from a clamped start, and were shortened - those transitions are NOT at the requested length. (Callers that redraw on a short push, e.g. binned_slate_collection.py, handle this themselves; check realized = ||stop-start||.)
WARNING pile-aware: 7/32 pushes cannot travel their requested length even from a clamped start, and were shortened - those transitions are NOT at the requested length. (Callers that redraw on a short push, e.g. binned_slate_collection.py, handle this themselves; check realized = ||stop-start||.)
WARNING pile-aware: 4/32 pushes cannot travel their requested length even from a clamped start, and were shortened - those transitions are NOT at the requested length. (Callers that redraw on a short push, e.g. binned_slate_collection.py, handle this themselves; check realized = ||stop-start||.)
WARNING pile-aware: 9/32 pushes cannot travel their requested length even from a clamped start, and were shortened - those transitions are NOT at the requested length. (Callers that redraw on a short push, e.g. binned_slate_collection.py, handle this themselves; check realized = ||stop-start||.)
WARNING pile-aware: 5/32 pushes cannot travel their requested length even from a clamped start, and were shortened - those transitions are NOT at the requested length. (Callers that redraw on a short push, e.g. binned_slate_collection.py, handle this themselves; check realized = ||stop-start||.)
WARNING pile-aware: 6/32 pushes cannot travel their requested length even from a clamped start, and were shortened - those transitions are NOT at the requested length. (Callers that redraw on a short push, e.g. binned_slate_collection.py, handle this themselves; check realized = ||stop-start||.)
WARNING pile-aware: 4/32 pushes cannot travel their requested length even from a clamped start, and were shortened - those transitions are NOT at the requested length. (Callers that redraw on a short push, e.g. binned_slate_collection.py, handle this themselves; check realized = ||stop-start||.)
WARNING pile-aware: 4/32 pushes cannot travel their requested length even from a clamped start, and were shortened - those transitions are NOT at the requested length. (Callers that redraw on a short push, e.g. binned_slate_collection.py, handle this themselves; check realized = ||stop-start||.)
WARNING pile-aware: 4/32 pushes cannot travel their requested length even from a clamped start, and were shortened - those transitions are NOT at the requested length. (Callers that redraw on a short push, e.g. binned_slate_collection.py, handle this themselves; check realized = ||stop-start||.)
WARNING pile-aware: 9/32 pushes cannot travel their requested length even from a clamped start, and were shortened - those transitions are NOT at the requested length. (Callers that redraw on a short push, e.g. binned_slate_collection.py, handle this themselves; check realized = ||stop-start||.)
WARNING pile-aware: 5/32 pushes cannot travel their requested length even from a clamped start, and were shortened - those transitions are NOT at the requested length. (Callers that redraw on a short push, e.g. binned_slate_collection.py, handle this themselves; check realized = ||stop-start||.)
WARNING pile-aware: 8/32 pushes cannot travel their requested length even from a clamped start, and were shortened - those transitions are NOT at the requested length. (Callers that redraw on a short push, e.g. binned_slate_collection.py, handle this themselves; check realized = ||stop-start||.)
WARNING pile-aware: 5/32 pushes cannot travel their requested length even from a clamped start, and were shortened - those transitions are NOT at the requested length. (Callers that redraw on a short push, e.g. binned_slate_collection.py, handle this themselves; check realized = ||stop-start||.)
WARNING pile-aware: 5/32 pushes cannot travel their requested length even from a clamped start, and were shortened - those transitions are NOT at the requested length. (Callers that redraw on a short push, e.g. binned_slate_collection.py, handle this themselves; check realized = ||stop-start||.)
WARNING pile-aware: 5/32 pushes cannot travel their requested length even from a clamped start, and were shortened - those transitions are NOT at the requested length. (Callers that redraw on a short push, e.g. binned_slate_collection.py, handle this themselves; check realized = ||stop-start||.)
chunk 11: 256 rows, 256 valid, single-layer after 256, 160s
WARNING pile-aware: 9/32 pushes cannot travel their requested length even from a clamped start, and were shortened - those transitions are NOT at the requested length. (Callers that redraw on a short push, e.g. binned_slate_collection.py, handle this themselves; check realized = ||stop-start||.)
WARNING pile-aware: 12/32 pushes cannot travel their requested length even from a clamped start, and were shortened - those transitions are NOT at the requested length. (Callers that redraw on a short push, e.g. binned_slate_collection.py, handle this themselves; check realized = ||stop-start||.)
WARNING pile-aware: 10/32 pushes cannot travel their requested length even from a clamped start, and were shortened - those transitions are NOT at the requested length. (Callers that redraw on a short push, e.g. binned_slate_collection.py, handle this themselves; check realized = ||stop-start||.)
WARNING pile-aware: 7/32 pushes cannot travel their requested length even from a clamped start, and were shortened - those transitions are NOT at the requested length. (Callers that redraw on a short push, e.g. binned_slate_collection.py, handle this themselves; check realized = ||stop-start||.)
WARNING pile-aware: 4/32 pushes cannot travel their requested length even from a clamped start, and were shortened - those transitions are NOT at the requested length. (Callers that redraw on a short push, e.g. binned_slate_collection.py, handle this themselves; check realized = ||stop-start||.)
WARNING pile-aware: 6/32 pushes cannot travel their requested length even from a clamped start, and were shortened - those transitions are NOT at the requested length. (Callers that redraw on a short push, e.g. binned_slate_collection.py, handle this themselves; check realized = ||stop-start||.)
WARNING pile-aware: 9/32 pushes cannot travel their requested length even from a clamped start, and were shortened - those transitions are NOT at the requested length. (Callers that redraw on a short push, e.g. binned_slate_collection.py, handle this themselves; check realized = ||stop-start||.)
WARNING pile-aware: 5/32 pushes cannot travel their requested length even from a clamped start, and were shortened - those transitions are NOT at the requested length. (Callers that redraw on a short push, e.g. binned_slate_collection.py, handle this themselves; check realized = ||stop-start||.)
WARNING pile-aware: 8/32 pushes cannot travel their requested length even from a clamped start, and were shortened - those transitions are NOT at the requested length. (Callers that redraw on a short push, e.g. binned_slate_collection.py, handle this themselves; check realized = ||stop-start||.)
WARNING pile-aware: 6/32 pushes cannot travel their requested length even from a clamped start, and were shortened - those transitions are NOT at the requested length. (Callers that redraw on a short push, e.g. binned_slate_collection.py, handle this themselves; check realized = ||stop-start||.)
WARNING pile-aware: 8/32 pushes cannot travel their requested length even from a clamped start, and were shortened - those transitions are NOT at the requested length. (Callers that redraw on a short push, e.g. binned_slate_collection.py, handle this themselves; check realized = ||stop-start||.)
WARNING pile-aware: 9/32 pushes cannot travel their requested length even from a clamped start, and were shortened - those transitions are NOT at the requested length. (Callers that redraw on a short push, e.g. binned_slate_collection.py, handle this themselves; check realized = ||stop-start||.)
WARNING pile-aware: 6/32 pushes cannot travel their requested length even from a clamped start, and were shortened - those transitions are NOT at the requested length. (Callers that redraw on a short push, e.g. binned_slate_collection.py, handle this themselves; check realized = ||stop-start||.)
WARNING pile-aware: 6/32 pushes cannot travel their requested length even from a clamped start, and were shortened - those transitions are NOT at the requested length. (Callers that redraw on a short push, e.g. binned_slate_collection.py, handle this themselves; check realized = ||stop-start||.)
WARNING pile-aware: 6/32 pushes cannot travel their requested length even from a clamped start, and were shortened - those transitions are NOT at the requested length. (Callers that redraw on a short push, e.g. binned_slate_collection.py, handle this themselves; check realized = ||stop-start||.)
WARNING pile-aware: 7/32 pushes cannot travel their requested length even from a clamped start, and were shortened - those transitions are NOT at the requested length. (Callers that redraw on a short push, e.g. binned_slate_collection.py, handle this themselves; check realized = ||stop-start||.)
WARNING pile-aware: 7/32 pushes cannot travel their requested length even from a clamped start, and were shortened - those transitions are NOT at the requested length. (Callers that redraw on a short push, e.g. binned_slate_collection.py, handle this themselves; check realized = ||stop-start||.)
WARNING pile-aware: 5/32 pushes cannot travel their requested length even from a clamped start, and were shortened - those transitions are NOT at the requested length. (Callers that redraw on a short push, e.g. binned_slate_collection.py, handle this themselves; check realized = ||stop-start||.)
WARNING pile-aware: 5/32 pushes cannot travel their requested length even from a clamped start, and were shortened - those transitions are NOT at the requested length. (Callers that redraw on a short push, e.g. binned_slate_collection.py, handle this themselves; check realized = ||stop-start||.)
WARNING pile-aware: 4/32 pushes cannot travel their requested length even from a clamped start, and were shortened - those transitions are NOT at the requested length. (Callers that redraw on a short push, e.g. binned_slate_collection.py, handle this themselves; check realized = ||stop-start||.)
WARNING pile-aware: 6/32 pushes cannot travel their requested length even from a clamped start, and were shortened - those transitions are NOT at the requested length. (Callers that redraw on a short push, e.g. binned_slate_collection.py, handle this themselves; check realized = ||stop-start||.)
WARNING pile-aware: 8/32 pushes cannot travel their requested length even from a clamped start, and were shortened - those transitions are NOT at the requested length. (Callers that redraw on a short push, e.g. binned_slate_collection.py, handle this themselves; check realized = ||stop-start||.)
WARNING pile-aware: 8/32 pushes cannot travel their requested length even from a clamped start, and were shortened - those transitions are NOT at the requested length. (Callers that redraw on a short push, e.g. binned_slate_collection.py, handle this themselves; check realized = ||stop-start||.)
WARNING pile-aware: 6/32 pushes cannot travel their requested length even from a clamped start, and were shortened - those transitions are NOT at the requested length. (Callers that redraw on a short push, e.g. binned_slate_collection.py, handle this themselves; check realized = ||stop-start||.)
WARNING pile-aware: 7/32 pushes cannot travel their requested length even from a clamped start, and were shortened - those transitions are NOT at the requested length. (Callers that redraw on a short push, e.g. binned_slate_collection.py, handle this themselves; check realized = ||stop-start||.)
WARNING pile-aware: 6/32 pushes cannot travel their requested length even from a clamped start, and were shortened - those transitions are NOT at the requested length. (Callers that redraw on a short push, e.g. binned_slate_collection.py, handle this themselves; check realized = ||stop-start||.)
WARNING pile-aware: 9/32 pushes cannot travel their requested length even from a clamped start, and were shortened - those transitions are NOT at the requested length. (Callers that redraw on a short push, e.g. binned_slate_collection.py, handle this themselves; check realized = ||stop-start||.)
WARNING pile-aware: 5/32 pushes cannot travel their requested length even from a clamped start, and were shortened - those transitions are NOT at the requested length. (Callers that redraw on a short push, e.g. binned_slate_collection.py, handle this themselves; check realized = ||stop-start||.)
chunk 12: 256 rows, 256 valid, single-layer after 256, 106s
WARNING pile-aware: 6/32 pushes cannot travel their requested length even from a clamped start, and were shortened - those transitions are NOT at the requested length. (Callers that redraw on a short push, e.g. binned_slate_collection.py, handle this themselves; check realized = ||stop-start||.)
WARNING pile-aware: 10/32 pushes cannot travel their requested length even from a clamped start, and were shortened - those transitions are NOT at the requested length. (Callers that redraw on a short push, e.g. binned_slate_collection.py, handle this themselves; check realized = ||stop-start||.)
WARNING pile-aware: 5/32 pushes cannot travel their requested length even from a clamped start, and were shortened - those transitions are NOT at the requested length. (Callers that redraw on a short push, e.g. binned_slate_collection.py, handle this themselves; check realized = ||stop-start||.)
WARNING pile-aware: 6/32 pushes cannot travel their requested length even from a clamped start, and were shortened - those transitions are NOT at the requested length. (Callers that redraw on a short push, e.g. binned_slate_collection.py, handle this themselves; check realized = ||stop-start||.)
WARNING pile-aware: 6/32 pushes cannot travel their requested length even from a clamped start, and were shortened - those transitions are NOT at the requested length. (Callers that redraw on a short push, e.g. binned_slate_collection.py, handle this themselves; check realized = ||stop-start||.)
WARNING pile-aware: 6/32 pushes cannot travel their requested length even from a clamped start, and were shortened - those transitions are NOT at the requested length. (Callers that redraw on a short push, e.g. binned_slate_collection.py, handle this themselves; check realized = ||stop-start||.)
WARNING pile-aware: 5/32 pushes cannot travel their requested length even from a clamped start, and were shortened - those transitions are NOT at the requested length. (Callers that redraw on a short push, e.g. binned_slate_collection.py, handle this themselves; check realized = ||stop-start||.)
WARNING pile-aware: 7/32 pushes cannot travel their requested length even from a clamped start, and were shortened - those transitions are NOT at the requested length. (Callers that redraw on a short push, e.g. binned_slate_collection.py, handle this themselves; check realized = ||stop-start||.)
WARNING pile-aware: 7/32 pushes cannot travel their requested length even from a clamped start, and were shortened - those transitions are NOT at the requested length. (Callers that redraw on a short push, e.g. binned_slate_collection.py, handle this themselves; check realized = ||stop-start||.)
WARNING pile-aware: 9/32 pushes cannot travel their requested length even from a clamped start, and were shortened - those transitions are NOT at the requested length. (Callers that redraw on a short push, e.g. binned_slate_collection.py, handle this themselves; check realized = ||stop-start||.)
WARNING pile-aware: 7/32 pushes cannot travel their requested length even from a clamped start, and were shortened - those transitions are NOT at the requested length. (Callers that redraw on a short push, e.g. binned_slate_collection.py, handle this themselves; check realized = ||stop-start||.)
WARNING pile-aware: 9/32 pushes cannot travel their requested length even from a clamped start, and were shortened - those transitions are NOT at the requested length. (Callers that redraw on a short push, e.g. binned_slate_collection.py, handle this themselves; check realized = ||stop-start||.)
WARNING pile-aware: 4/32 pushes cannot travel their requested length even from a clamped start, and were shortened - those transitions are NOT at the requested length. (Callers that redraw on a short push, e.g. binned_slate_collection.py, handle this themselves; check realized = ||stop-start||.)
WARNING pile-aware: 10/32 pushes cannot travel their requested length even from a clamped start, and were shortened - those transitions are NOT at the requested length. (Callers that redraw on a short push, e.g. binned_slate_collection.py, handle this themselves; check realized = ||stop-start||.)
WARNING pile-aware: 4/32 pushes cannot travel their requested length even from a clamped start, and were shortened - those transitions are NOT at the requested length. (Callers that redraw on a short push, e.g. binned_slate_collection.py, handle this themselves; check realized = ||stop-start||.)
WARNING pile-aware: 3/32 pushes cannot travel their requested length even from a clamped start, and were shortened - those transitions are NOT at the requested length. (Callers that redraw on a short push, e.g. binned_slate_collection.py, handle this themselves; check realized = ||stop-start||.)
WARNING pile-aware: 6/32 pushes cannot travel their requested length even from a clamped start, and were shortened - those transitions are NOT at the requested length. (Callers that redraw on a short push, e.g. binned_slate_collection.py, handle this themselves; check realized = ||stop-start||.)
WARNING pile-aware: 7/32 pushes cannot travel their requested length even from a clamped start, and were shortened - those transitions are NOT at the requested length. (Callers that redraw on a short push, e.g. binned_slate_collection.py, handle this themselves; check realized = ||stop-start||.)
WARNING pile-aware: 5/32 pushes cannot travel their requested length even from a clamped start, and were shortened - those transitions are NOT at the requested length. (Callers that redraw on a short push, e.g. binned_slate_collection.py, handle this themselves; check realized = ||stop-start||.)
WARNING pile-aware: 5/32 pushes cannot travel their requested length even from a clamped start, and were shortened - those transitions are NOT at the requested length. (Callers that redraw on a short push, e.g. binned_slate_collection.py, handle this themselves; check realized = ||stop-start||.)
WARNING pile-aware: 4/32 pushes cannot travel their requested length even from a clamped start, and were shortened - those transitions are NOT at the requested length. (Callers that redraw on a short push, e.g. binned_slate_collection.py, handle this themselves; check realized = ||stop-start||.)
WARNING pile-aware: 6/32 pushes cannot travel their requested length even from a clamped start, and were shortened - those transitions are NOT at the requested length. (Callers that redraw on a short push, e.g. binned_slate_collection.py, handle this themselves; check realized = ||stop-start||.)
WARNING pile-aware: 4/32 pushes cannot travel their requested length even from a clamped start, and were shortened - those transitions are NOT at the requested length. (Callers that redraw on a short push, e.g. binned_slate_collection.py, handle this themselves; check realized = ||stop-start||.)
WARNING pile-aware: 2/32 pushes cannot travel their requested length even from a clamped start, and were shortened - those transitions are NOT at the requested length. (Callers that redraw on a short push, e.g. binned_slate_collection.py, handle this themselves; check realized = ||stop-start||.)
chunk 13: 256 rows, 256 valid, single-layer after 256, 110s
WARNING pile-aware: 8/32 pushes cannot travel their requested length even from a clamped start, and were shortened - those transitions are NOT at the requested length. (Callers that redraw on a short push, e.g. binned_slate_collection.py, handle this themselves; check realized = ||stop-start||.)
WARNING pile-aware: 12/32 pushes cannot travel their requested length even from a clamped start, and were shortened - those transitions are NOT at the requested length. (Callers that redraw on a short push, e.g. binned_slate_collection.py, handle this themselves; check realized = ||stop-start||.)
WARNING pile-aware: 5/32 pushes cannot travel their requested length even from a clamped start, and were shortened - those transitions are NOT at the requested length. (Callers that redraw on a short push, e.g. binned_slate_collection.py, handle this themselves; check realized = ||stop-start||.)
WARNING pile-aware: 6/32 pushes cannot travel their requested length even from a clamped start, and were shortened - those transitions are NOT at the requested length. (Callers that redraw on a short push, e.g. binned_slate_collection.py, handle this themselves; check realized = ||stop-start||.)
WARNING pile-aware: 6/32 pushes cannot travel their requested length even from a clamped start, and were shortened - those transitions are NOT at the requested length. (Callers that redraw on a short push, e.g. binned_slate_collection.py, handle this themselves; check realized = ||stop-start||.)
WARNING pile-aware: 3/32 pushes cannot travel their requested length even from a clamped start, and were shortened - those transitions are NOT at the requested length. (Callers that redraw on a short push, e.g. binned_slate_collection.py, handle this themselves; check realized = ||stop-start||.)
WARNING pile-aware: 5/32 pushes cannot travel their requested length even from a clamped start, and were shortened - those transitions are NOT at the requested length. (Callers that redraw on a short push, e.g. binned_slate_collection.py, handle this themselves; check realized = ||stop-start||.)
WARNING pile-aware: 8/32 pushes cannot travel their requested length even from a clamped start, and were shortened - those transitions are NOT at the requested length. (Callers that redraw on a short push, e.g. binned_slate_collection.py, handle this themselves; check realized = ||stop-start||.)
WARNING pile-aware: 6/32 pushes cannot travel their requested length even from a clamped start, and were shortened - those transitions are NOT at the requested length. (Callers that redraw on a short push, e.g. binned_slate_collection.py, handle this themselves; check realized = ||stop-start||.)
WARNING pile-aware: 5/32 pushes cannot travel their requested length even from a clamped start, and were shortened - those transitions are NOT at the requested length. (Callers that redraw on a short push, e.g. binned_slate_collection.py, handle this themselves; check realized = ||stop-start||.)
WARNING pile-aware: 5/32 pushes cannot travel their requested length even from a clamped start, and were shortened - those transitions are NOT at the requested length. (Callers that redraw on a short push, e.g. binned_slate_collection.py, handle this themselves; check realized = ||stop-start||.)
WARNING pile-aware: 7/32 pushes cannot travel their requested length even from a clamped start, and were shortened - those transitions are NOT at the requested length. (Callers that redraw on a short push, e.g. binned_slate_collection.py, handle this themselves; check realized = ||stop-start||.)
WARNING pile-aware: 8/32 pushes cannot travel their requested length even from a clamped start, and were shortened - those transitions are NOT at the requested length. (Callers that redraw on a short push, e.g. binned_slate_collection.py, handle this themselves; check realized = ||stop-start||.)
WARNING pile-aware: 6/32 pushes cannot travel their requested length even from a clamped start, and were shortened - those transitions are NOT at the requested length. (Callers that redraw on a short push, e.g. binned_slate_collection.py, handle this themselves; check realized = ||stop-start||.)
WARNING pile-aware: 14/32 pushes cannot travel their requested length even from a clamped start, and were shortened - those transitions are NOT at the requested length. (Callers that redraw on a short push, e.g. binned_slate_collection.py, handle this themselves; check realized = ||stop-start||.)
WARNING pile-aware: 4/32 pushes cannot travel their requested length even from a clamped start, and were shortened - those transitions are NOT at the requested length. (Callers that redraw on a short push, e.g. binned_slate_collection.py, handle this themselves; check realized = ||stop-start||.)
WARNING pile-aware: 6/32 pushes cannot travel their requested length even from a clamped start, and were shortened - those transitions are NOT at the requested length. (Callers that redraw on a short push, e.g. binned_slate_collection.py, handle this themselves; check realized = ||stop-start||.)
WARNING pile-aware: 10/32 pushes cannot travel their requested length even from a clamped start, and were shortened - those transitions are NOT at the requested length. (Callers that redraw on a short push, e.g. binned_slate_collection.py, handle this themselves; check realized = ||stop-start||.)
WARNING pile-aware: 9/32 pushes cannot travel their requested length even from a clamped start, and were shortened - those transitions are NOT at the requested length. (Callers that redraw on a short push, e.g. binned_slate_collection.py, handle this themselves; check realized = ||stop-start||.)
WARNING pile-aware: 7/32 pushes cannot travel their requested length even from a clamped start, and were shortened - those transitions are NOT at the requested length. (Callers that redraw on a short push, e.g. binned_slate_collection.py, handle this themselves; check realized = ||stop-start||.)
WARNING pile-aware: 9/32 pushes cannot travel their requested length even from a clamped start, and were shortened - those transitions are NOT at the requested length. (Callers that redraw on a short push, e.g. binned_slate_collection.py, handle this themselves; check realized = ||stop-start||.)
WARNING pile-aware: 4/32 pushes cannot travel their requested length even from a clamped start, and were shortened - those transitions are NOT at the requested length. (Callers that redraw on a short push, e.g. binned_slate_collection.py, handle this themselves; check realized = ||stop-start||.)
WARNING pile-aware: 3/32 pushes cannot travel their requested length even from a clamped start, and were shortened - those transitions are NOT at the requested length. (Callers that redraw on a short push, e.g. binned_slate_collection.py, handle this themselves; check realized = ||stop-start||.)
WARNING pile-aware: 7/32 pushes cannot travel their requested length even from a clamped start, and were shortened - those transitions are NOT at the requested length. (Callers that redraw on a short push, e.g. binned_slate_collection.py, handle this themselves; check realized = ||stop-start||.)
WARNING pile-aware: 2/32 pushes cannot travel their requested length even from a clamped start, and were shortened - those transitions are NOT at the requested length. (Callers that redraw on a short push, e.g. binned_slate_collection.py, handle this themselves; check realized = ||stop-start||.)
WARNING pile-aware: 5/32 pushes cannot travel their requested length even from a clamped start, and were shortened - those transitions are NOT at the requested length. (Callers that redraw on a short push, e.g. binned_slate_collection.py, handle this themselves; check realized = ||stop-start||.)
WARNING pile-aware: 12/32 pushes cannot travel their requested length even from a clamped start, and were shortened - those transitions are NOT at the requested length. (Callers that redraw on a short push, e.g. binned_slate_collection.py, handle this themselves; check realized = ||stop-start||.)
WARNING pile-aware: 3/32 pushes cannot travel their requested length even from a clamped start, and were shortened - those transitions are NOT at the requested length. (Callers that redraw on a short push, e.g. binned_slate_collection.py, handle this themselves; check realized = ||stop-start||.)
WARNING pile-aware: 4/32 pushes cannot travel their requested length even from a clamped start, and were shortened - those transitions are NOT at the requested length. (Callers that redraw on a short push, e.g. binned_slate_collection.py, handle this themselves; check realized = ||stop-start||.)
WARNING pile-aware: 12/32 pushes cannot travel their requested length even from a clamped start, and were shortened - those transitions are NOT at the requested length. (Callers that redraw on a short push, e.g. binned_slate_collection.py, handle this themselves; check realized = ||stop-start||.)
WARNING pile-aware: 5/32 pushes cannot travel their requested length even from a clamped start, and were shortened - those transitions are NOT at the requested length. (Callers that redraw on a short push, e.g. binned_slate_collection.py, handle this themselves; check realized = ||stop-start||.)
chunk 14: 256 rows, 256 valid, single-layer after 256, 136s
WARNING pile-aware: 9/32 pushes cannot travel their requested length even from a clamped start, and were shortened - those transitions are NOT at the requested length. (Callers that redraw on a short push, e.g. binned_slate_collection.py, handle this themselves; check realized = ||stop-start||.)
WARNING pile-aware: 13/32 pushes cannot travel their requested length even from a clamped start, and were shortened - those transitions are NOT at the requested length. (Callers that redraw on a short push, e.g. binned_slate_collection.py, handle this themselves; check realized = ||stop-start||.)
WARNING pile-aware: 9/32 pushes cannot travel their requested length even from a clamped start, and were shortened - those transitions are NOT at the requested length. (Callers that redraw on a short push, e.g. binned_slate_collection.py, handle this themselves; check realized = ||stop-start||.)
WARNING pile-aware: 12/32 pushes cannot travel their requested length even from a clamped start, and were shortened - those transitions are NOT at the requested length. (Callers that redraw on a short push, e.g. binned_slate_collection.py, handle this themselves; check realized = ||stop-start||.)
WARNING pile-aware: 7/32 pushes cannot travel their requested length even from a clamped start, and were shortened - those transitions are NOT at the requested length. (Callers that redraw on a short push, e.g. binned_slate_collection.py, handle this themselves; check realized = ||stop-start||.)
WARNING pile-aware: 10/32 pushes cannot travel their requested length even from a clamped start, and were shortened - those transitions are NOT at the requested length. (Callers that redraw on a short push, e.g. binned_slate_collection.py, handle this themselves; check realized = ||stop-start||.)
WARNING pile-aware: 9/32 pushes cannot travel their requested length even from a clamped start, and were shortened - those transitions are NOT at the requested length. (Callers that redraw on a short push, e.g. binned_slate_collection.py, handle this themselves; check realized = ||stop-start||.)
WARNING pile-aware: 7/32 pushes cannot travel their requested length even from a clamped start, and were shortened - those transitions are NOT at the requested length. (Callers that redraw on a short push, e.g. binned_slate_collection.py, handle this themselves; check realized = ||stop-start||.)
WARNING pile-aware: 7/32 pushes cannot travel their requested length even from a clamped start, and were shortened - those transitions are NOT at the requested length. (Callers that redraw on a short push, e.g. binned_slate_collection.py, handle this themselves; check realized = ||stop-start||.)
WARNING pile-aware: 10/32 pushes cannot travel their requested length even from a clamped start, and were shortened - those transitions are NOT at the requested length. (Callers that redraw on a short push, e.g. binned_slate_collection.py, handle this themselves; check realized = ||stop-start||.)
WARNING pile-aware: 5/32 pushes cannot travel their requested length even from a clamped start, and were shortened - those transitions are NOT at the requested length. (Callers that redraw on a short push, e.g. binned_slate_collection.py, handle this themselves; check realized = ||stop-start||.)
WARNING pile-aware: 5/32 pushes cannot travel their requested length even from a clamped start, and were shortened - those transitions are NOT at the requested length. (Callers that redraw on a short push, e.g. binned_slate_collection.py, handle this themselves; check realized = ||stop-start||.)
WARNING pile-aware: 11/32 pushes cannot travel their requested length even from a clamped start, and were shortened - those transitions are NOT at the requested length. (Callers that redraw on a short push, e.g. binned_slate_collection.py, handle this themselves; check realized = ||stop-start||.)
WARNING pile-aware: 8/32 pushes cannot travel their requested length even from a clamped start, and were shortened - those transitions are NOT at the requested length. (Callers that redraw on a short push, e.g. binned_slate_collection.py, handle this themselves; check realized = ||stop-start||.)
WARNING pile-aware: 8/32 pushes cannot travel their requested length even from a clamped start, and were shortened - those transitions are NOT at the requested length. (Callers that redraw on a short push, e.g. binned_slate_collection.py, handle this themselves; check realized = ||stop-start||.)
WARNING pile-aware: 4/32 pushes cannot travel their requested length even from a clamped start, and were shortened - those transitions are NOT at the requested length. (Callers that redraw on a short push, e.g. binned_slate_collection.py, handle this themselves; check realized = ||stop-start||.)
WARNING pile-aware: 11/32 pushes cannot travel their requested length even from a clamped start, and were shortened - those transitions are NOT at the requested length. (Callers that redraw on a short push, e.g. binned_slate_collection.py, handle this themselves; check realized = ||stop-start||.)
WARNING pile-aware: 1/32 pushes cannot travel their requested length even from a clamped start, and were shortened - those transitions are NOT at the requested length. (Callers that redraw on a short push, e.g. binned_slate_collection.py, handle this themselves; check realized = ||stop-start||.)
WARNING pile-aware: 7/32 pushes cannot travel their requested length even from a clamped start, and were shortened - those transitions are NOT at the requested length. (Callers that redraw on a short push, e.g. binned_slate_collection.py, handle this themselves; check realized = ||stop-start||.)
WARNING pile-aware: 6/32 pushes cannot travel their requested length even from a clamped start, and were shortened - those transitions are NOT at the requested length. (Callers that redraw on a short push, e.g. binned_slate_collection.py, handle this themselves; check realized = ||stop-start||.)
WARNING pile-aware: 4/32 pushes cannot travel their requested length even from a clamped start, and were shortened - those transitions are NOT at the requested length. (Callers that redraw on a short push, e.g. binned_slate_collection.py, handle this themselves; check realized = ||stop-start||.)
WARNING pile-aware: 9/32 pushes cannot travel their requested length even from a clamped start, and were shortened - those transitions are NOT at the requested length. (Callers that redraw on a short push, e.g. binned_slate_collection.py, handle this themselves; check realized = ||stop-start||.)
WARNING pile-aware: 7/32 pushes cannot travel their requested length even from a clamped start, and were shortened - those transitions are NOT at the requested length. (Callers that redraw on a short push, e.g. binned_slate_collection.py, handle this themselves; check realized = ||stop-start||.)
WARNING pile-aware: 3/32 pushes cannot travel their requested length even from a clamped start, and were shortened - those transitions are NOT at the requested length. (Callers that redraw on a short push, e.g. binned_slate_collection.py, handle this themselves; check realized = ||stop-start||.)
WARNING pile-aware: 4/32 pushes cannot travel their requested length even from a clamped start, and were shortened - those transitions are NOT at the requested length. (Callers that redraw on a short push, e.g. binned_slate_collection.py, handle this themselves; check realized = ||stop-start||.)
WARNING pile-aware: 6/32 pushes cannot travel their requested length even from a clamped start, and were shortened - those transitions are NOT at the requested length. (Callers that redraw on a short push, e.g. binned_slate_collection.py, handle this themselves; check realized = ||stop-start||.)
chunk 15: 256 rows, 256 valid, single-layer after 256, 136s
WARNING pile-aware: 7/32 pushes cannot travel their requested length even from a clamped start, and were shortened - those transitions are NOT at the requested length. (Callers that redraw on a short push, e.g. binned_slate_collection.py, handle this themselves; check realized = ||stop-start||.)
WARNING pile-aware: 8/32 pushes cannot travel their requested length even from a clamped start, and were shortened - those transitions are NOT at the requested length. (Callers that redraw on a short push, e.g. binned_slate_collection.py, handle this themselves; check realized = ||stop-start||.)
WARNING pile-aware: 9/32 pushes cannot travel their requested length even from a clamped start, and were shortened - those transitions are NOT at the requested length. (Callers that redraw on a short push, e.g. binned_slate_collection.py, handle this themselves; check realized = ||stop-start||.)
WARNING pile-aware: 10/32 pushes cannot travel their requested length even from a clamped start, and were shortened - those transitions are NOT at the requested length. (Callers that redraw on a short push, e.g. binned_slate_collection.py, handle this themselves; check realized = ||stop-start||.)
WARNING pile-aware: 6/32 pushes cannot travel their requested length even from a clamped start, and were shortened - those transitions are NOT at the requested length. (Callers that redraw on a short push, e.g. binned_slate_collection.py, handle this themselves; check realized = ||stop-start||.)
WARNING pile-aware: 10/32 pushes cannot travel their requested length even from a clamped start, and were shortened - those transitions are NOT at the requested length. (Callers that redraw on a short push, e.g. binned_slate_collection.py, handle this themselves; check realized = ||stop-start||.)
WARNING pile-aware: 5/32 pushes cannot travel their requested length even from a clamped start, and were shortened - those transitions are NOT at the requested length. (Callers that redraw on a short push, e.g. binned_slate_collection.py, handle this themselves; check realized = ||stop-start||.)
WARNING pile-aware: 7/32 pushes cannot travel their requested length even from a clamped start, and were shortened - those transitions are NOT at the requested length. (Callers that redraw on a short push, e.g. binned_slate_collection.py, handle this themselves; check realized = ||stop-start||.)
WARNING pile-aware: 3/32 pushes cannot travel their requested length even from a clamped start, and were shortened - those transitions are NOT at the requested length. (Callers that redraw on a short push, e.g. binned_slate_collection.py, handle this themselves; check realized = ||stop-start||.)
WARNING pile-aware: 6/32 pushes cannot travel their requested length even from a clamped start, and were shortened - those transitions are NOT at the requested length. (Callers that redraw on a short push, e.g. binned_slate_collection.py, handle this themselves; check realized = ||stop-start||.)
WARNING pile-aware: 5/32 pushes cannot travel their requested length even from a clamped start, and were shortened - those transitions are NOT at the requested length. (Callers that redraw on a short push, e.g. binned_slate_collection.py, handle this themselves; check realized = ||stop-start||.)
WARNING pile-aware: 11/32 pushes cannot travel their requested length even from a clamped start, and were shortened - those transitions are NOT at the requested length. (Callers that redraw on a short push, e.g. binned_slate_collection.py, handle this themselves; check realized = ||stop-start||.)
WARNING pile-aware: 8/32 pushes cannot travel their requested length even from a clamped start, and were shortened - those transitions are NOT at the requested length. (Callers that redraw on a short push, e.g. binned_slate_collection.py, handle this themselves; check realized = ||stop-start||.)
WARNING pile-aware: 5/32 pushes cannot travel their requested length even from a clamped start, and were shortened - those transitions are NOT at the requested length. (Callers that redraw on a short push, e.g. binned_slate_collection.py, handle this themselves; check realized = ||stop-start||.)
WARNING pile-aware: 6/32 pushes cannot travel their requested length even from a clamped start, and were shortened - those transitions are NOT at the requested length. (Callers that redraw on a short push, e.g. binned_slate_collection.py, handle this themselves; check realized = ||stop-start||.)
WARNING pile-aware: 5/32 pushes cannot travel their requested length even from a clamped start, and were shortened - those transitions are NOT at the requested length. (Callers that redraw on a short push, e.g. binned_slate_collection.py, handle this themselves; check realized = ||stop-start||.)
WARNING pile-aware: 4/32 pushes cannot travel their requested length even from a clamped start, and were shortened - those transitions are NOT at the requested length. (Callers that redraw on a short push, e.g. binned_slate_collection.py, handle this themselves; check realized = ||stop-start||.)
WARNING pile-aware: 8/32 pushes cannot travel their requested length even from a clamped start, and were shortened - those transitions are NOT at the requested length. (Callers that redraw on a short push, e.g. binned_slate_collection.py, handle this themselves; check realized = ||stop-start||.)
WARNING pile-aware: 6/32 pushes cannot travel their requested length even from a clamped start, and were shortened - those transitions are NOT at the requested length. (Callers that redraw on a short push, e.g. binned_slate_collection.py, handle this themselves; check realized = ||stop-start||.)
WARNING pile-aware: 8/32 pushes cannot travel their requested length even from a clamped start, and were shortened - those transitions are NOT at the requested length. (Callers that redraw on a short push, e.g. binned_slate_collection.py, handle this themselves; check realized = ||stop-start||.)
WARNING pile-aware: 6/32 pushes cannot travel their requested length even from a clamped start, and were shortened - those transitions are NOT at the requested length. (Callers that redraw on a short push, e.g. binned_slate_collection.py, handle this themselves; check realized = ||stop-start||.)
WARNING pile-aware: 4/32 pushes cannot travel their requested length even from a clamped start, and were shortened - those transitions are NOT at the requested length. (Callers that redraw on a short push, e.g. binned_slate_collection.py, handle this themselves; check realized = ||stop-start||.)
WARNING pile-aware: 9/32 pushes cannot travel their requested length even from a clamped start, and were shortened - those transitions are NOT at the requested length. (Callers that redraw on a short push, e.g. binned_slate_collection.py, handle this themselves; check realized = ||stop-start||.)
WARNING pile-aware: 7/32 pushes cannot travel their requested length even from a clamped start, and were shortened - those transitions are NOT at the requested length. (Callers that redraw on a short push, e.g. binned_slate_collection.py, handle this themselves; check realized = ||stop-start||.)
WARNING pile-aware: 4/32 pushes cannot travel their requested length even from a clamped start, and were shortened - those transitions are NOT at the requested length. (Callers that redraw on a short push, e.g. binned_slate_collection.py, handle this themselves; check realized = ||stop-start||.)
chunk 16: 256 rows, 256 valid, single-layer after 256, 111s
WARNING pile-aware: 7/32 pushes cannot travel their requested length even from a clamped start, and were shortened - those transitions are NOT at the requested length. (Callers that redraw on a short push, e.g. binned_slate_collection.py, handle this themselves; check realized = ||stop-start||.)
WARNING pile-aware: 6/32 pushes cannot travel their requested length even from a clamped start, and were shortened - those transitions are NOT at the requested length. (Callers that redraw on a short push, e.g. binned_slate_collection.py, handle this themselves; check realized = ||stop-start||.)
WARNING pile-aware: 7/32 pushes cannot travel their requested length even from a clamped start, and were shortened - those transitions are NOT at the requested length. (Callers that redraw on a short push, e.g. binned_slate_collection.py, handle this themselves; check realized = ||stop-start||.)
WARNING pile-aware: 8/32 pushes cannot travel their requested length even from a clamped start, and were shortened - those transitions are NOT at the requested length. (Callers that redraw on a short push, e.g. binned_slate_collection.py, handle this themselves; check realized = ||stop-start||.)
WARNING pile-aware: 7/32 pushes cannot travel their requested length even from a clamped start, and were shortened - those transitions are NOT at the requested length. (Callers that redraw on a short push, e.g. binned_slate_collection.py, handle this themselves; check realized = ||stop-start||.)
WARNING pile-aware: 3/32 pushes cannot travel their requested length even from a clamped start, and were shortened - those transitions are NOT at the requested length. (Callers that redraw on a short push, e.g. binned_slate_collection.py, handle this themselves; check realized = ||stop-start||.)
WARNING pile-aware: 7/32 pushes cannot travel their requested length even from a clamped start, and were shortened - those transitions are NOT at the requested length. (Callers that redraw on a short push, e.g. binned_slate_collection.py, handle this themselves; check realized = ||stop-start||.)
WARNING pile-aware: 8/32 pushes cannot travel their requested length even from a clamped start, and were shortened - those transitions are NOT at the requested length. (Callers that redraw on a short push, e.g. binned_slate_collection.py, handle this themselves; check realized = ||stop-start||.)
WARNING pile-aware: 4/32 pushes cannot travel their requested length even from a clamped start, and were shortened - those transitions are NOT at the requested length. (Callers that redraw on a short push, e.g. binned_slate_collection.py, handle this themselves; check realized = ||stop-start||.)
WARNING pile-aware: 5/32 pushes cannot travel their requested length even from a clamped start, and were shortened - those transitions are NOT at the requested length. (Callers that redraw on a short push, e.g. binned_slate_collection.py, handle this themselves; check realized = ||stop-start||.)
WARNING pile-aware: 8/32 pushes cannot travel their requested length even from a clamped start, and were shortened - those transitions are NOT at the requested length. (Callers that redraw on a short push, e.g. binned_slate_collection.py, handle this themselves; check realized = ||stop-start||.)
WARNING pile-aware: 7/32 pushes cannot travel their requested length even from a clamped start, and were shortened - those transitions are NOT at the requested length. (Callers that redraw on a short push, e.g. binned_slate_collection.py, handle this themselves; check realized = ||stop-start||.)
WARNING pile-aware: 7/32 pushes cannot travel their requested length even from a clamped start, and were shortened - those transitions are NOT at the requested length. (Callers that redraw on a short push, e.g. binned_slate_collection.py, handle this themselves; check realized = ||stop-start||.)
WARNING pile-aware: 5/32 pushes cannot travel their requested length even from a clamped start, and were shortened - those transitions are NOT at the requested length. (Callers that redraw on a short push, e.g. binned_slate_collection.py, handle this themselves; check realized = ||stop-start||.)
WARNING pile-aware: 3/32 pushes cannot travel their requested length even from a clamped start, and were shortened - those transitions are NOT at the requested length. (Callers that redraw on a short push, e.g. binned_slate_collection.py, handle this themselves; check realized = ||stop-start||.)
WARNING pile-aware: 9/32 pushes cannot travel their requested length even from a clamped start, and were shortened - those transitions are NOT at the requested length. (Callers that redraw on a short push, e.g. binned_slate_collection.py, handle this themselves; check realized = ||stop-start||.)
WARNING pile-aware: 10/32 pushes cannot travel their requested length even from a clamped start, and were shortened - those transitions are NOT at the requested length. (Callers that redraw on a short push, e.g. binned_slate_collection.py, handle this themselves; check realized = ||stop-start||.)
WARNING pile-aware: 6/32 pushes cannot travel their requested length even from a clamped start, and were shortened - those transitions are NOT at the requested length. (Callers that redraw on a short push, e.g. binned_slate_collection.py, handle this themselves; check realized = ||stop-start||.)
WARNING pile-aware: 3/32 pushes cannot travel their requested length even from a clamped start, and were shortened - those transitions are NOT at the requested length. (Callers that redraw on a short push, e.g. binned_slate_collection.py, handle this themselves; check realized = ||stop-start||.)
WARNING pile-aware: 5/32 pushes cannot travel their requested length even from a clamped start, and were shortened - those transitions are NOT at the requested length. (Callers that redraw on a short push, e.g. binned_slate_collection.py, handle this themselves; check realized = ||stop-start||.)
WARNING pile-aware: 10/32 pushes cannot travel their requested length even from a clamped start, and were shortened - those transitions are NOT at the requested length. (Callers that redraw on a short push, e.g. binned_slate_collection.py, handle this themselves; check realized = ||stop-start||.)
WARNING pile-aware: 8/32 pushes cannot travel their requested length even from a clamped start, and were shortened - those transitions are NOT at the requested length. (Callers that redraw on a short push, e.g. binned_slate_collection.py, handle this themselves; check realized = ||stop-start||.)
WARNING pile-aware: 8/32 pushes cannot travel their requested length even from a clamped start, and were shortened - those transitions are NOT at the requested length. (Callers that redraw on a short push, e.g. binned_slate_collection.py, handle this themselves; check realized = ||stop-start||.)
WARNING pile-aware: 7/32 pushes cannot travel their requested length even from a clamped start, and were shortened - those transitions are NOT at the requested length. (Callers that redraw on a short push, e.g. binned_slate_collection.py, handle this themselves; check realized = ||stop-start||.)
WARNING pile-aware: 4/32 pushes cannot travel their requested length even from a clamped start, and were shortened - those transitions are NOT at the requested length. (Callers that redraw on a short push, e.g. binned_slate_collection.py, handle this themselves; check realized = ||stop-start||.)
WARNING pile-aware: 6/32 pushes cannot travel their requested length even from a clamped start, and were shortened - those transitions are NOT at the requested length. (Callers that redraw on a short push, e.g. binned_slate_collection.py, handle this themselves; check realized = ||stop-start||.)
WARNING pile-aware: 7/32 pushes cannot travel their requested length even from a clamped start, and were shortened - those transitions are NOT at the requested length. (Callers that redraw on a short push, e.g. binned_slate_collection.py, handle this themselves; check realized = ||stop-start||.)
WARNING pile-aware: 5/32 pushes cannot travel their requested length even from a clamped start, and were shortened - those transitions are NOT at the requested length. (Callers that redraw on a short push, e.g. binned_slate_collection.py, handle this themselves; check realized = ||stop-start||.)
WARNING pile-aware: 6/32 pushes cannot travel their requested length even from a clamped start, and were shortened - those transitions are NOT at the requested length. (Callers that redraw on a short push, e.g. binned_slate_collection.py, handle this themselves; check realized = ||stop-start||.)
WARNING pile-aware: 6/32 pushes cannot travel their requested length even from a clamped start, and were shortened - those transitions are NOT at the requested length. (Callers that redraw on a short push, e.g. binned_slate_collection.py, handle this themselves; check realized = ||stop-start||.)
chunk 17: 256 rows, 256 valid, single-layer after 256, 127s
WARNING pile-aware: 9/32 pushes cannot travel their requested length even from a clamped start, and were shortened - those transitions are NOT at the requested length. (Callers that redraw on a short push, e.g. binned_slate_collection.py, handle this themselves; check realized = ||stop-start||.)
WARNING pile-aware: 3/32 pushes cannot travel their requested length even from a clamped start, and were shortened - those transitions are NOT at the requested length. (Callers that redraw on a short push, e.g. binned_slate_collection.py, handle this themselves; check realized = ||stop-start||.)
WARNING pile-aware: 8/32 pushes cannot travel their requested length even from a clamped start, and were shortened - those transitions are NOT at the requested length. (Callers that redraw on a short push, e.g. binned_slate_collection.py, handle this themselves; check realized = ||stop-start||.)
WARNING pile-aware: 4/32 pushes cannot travel their requested length even from a clamped start, and were shortened - those transitions are NOT at the requested length. (Callers that redraw on a short push, e.g. binned_slate_collection.py, handle this themselves; check realized = ||stop-start||.)
WARNING pile-aware: 3/32 pushes cannot travel their requested length even from a clamped start, and were shortened - those transitions are NOT at the requested length. (Callers that redraw on a short push, e.g. binned_slate_collection.py, handle this themselves; check realized = ||stop-start||.)
WARNING pile-aware: 3/32 pushes cannot travel their requested length even from a clamped start, and were shortened - those transitions are NOT at the requested length. (Callers that redraw on a short push, e.g. binned_slate_collection.py, handle this themselves; check realized = ||stop-start||.)
WARNING pile-aware: 6/32 pushes cannot travel their requested length even from a clamped start, and were shortened - those transitions are NOT at the requested length. (Callers that redraw on a short push, e.g. binned_slate_collection.py, handle this themselves; check realized = ||stop-start||.)
WARNING pile-aware: 8/32 pushes cannot travel their requested length even from a clamped start, and were shortened - those transitions are NOT at the requested length. (Callers that redraw on a short push, e.g. binned_slate_collection.py, handle this themselves; check realized = ||stop-start||.)
WARNING pile-aware: 4/32 pushes cannot travel their requested length even from a clamped start, and were shortened - those transitions are NOT at the requested length. (Callers that redraw on a short push, e.g. binned_slate_collection.py, handle this themselves; check realized = ||stop-start||.)
WARNING pile-aware: 6/32 pushes cannot travel their requested length even from a clamped start, and were shortened - those transitions are NOT at the requested length. (Callers that redraw on a short push, e.g. binned_slate_collection.py, handle this themselves; check realized = ||stop-start||.)
WARNING pile-aware: 5/32 pushes cannot travel their requested length even from a clamped start, and were shortened - those transitions are NOT at the requested length. (Callers that redraw on a short push, e.g. binned_slate_collection.py, handle this themselves; check realized = ||stop-start||.)
WARNING pile-aware: 4/32 pushes cannot travel their requested length even from a clamped start, and were shortened - those transitions are NOT at the requested length. (Callers that redraw on a short push, e.g. binned_slate_collection.py, handle this themselves; check realized = ||stop-start||.)
WARNING pile-aware: 4/32 pushes cannot travel their requested length even from a clamped start, and were shortened - those transitions are NOT at the requested length. (Callers that redraw on a short push, e.g. binned_slate_collection.py, handle this themselves; check realized = ||stop-start||.)
WARNING pile-aware: 6/32 pushes cannot travel their requested length even from a clamped start, and were shortened - those transitions are NOT at the requested length. (Callers that redraw on a short push, e.g. binned_slate_collection.py, handle this themselves; check realized = ||stop-start||.)
WARNING pile-aware: 7/32 pushes cannot travel their requested length even from a clamped start, and were shortened - those transitions are NOT at the requested length. (Callers that redraw on a short push, e.g. binned_slate_collection.py, handle this themselves; check realized = ||stop-start||.)
WARNING pile-aware: 5/32 pushes cannot travel their requested length even from a clamped start, and were shortened - those transitions are NOT at the requested length. (Callers that redraw on a short push, e.g. binned_slate_collection.py, handle this themselves; check realized = ||stop-start||.)
WARNING pile-aware: 6/32 pushes cannot travel their requested length even from a clamped start, and were shortened - those transitions are NOT at the requested length. (Callers that redraw on a short push, e.g. binned_slate_collection.py, handle this themselves; check realized = ||stop-start||.)
WARNING pile-aware: 5/32 pushes cannot travel their requested length even from a clamped start, and were shortened - those transitions are NOT at the requested length. (Callers that redraw on a short push, e.g. binned_slate_collection.py, handle this themselves; check realized = ||stop-start||.)
WARNING pile-aware: 3/32 pushes cannot travel their requested length even from a clamped start, and were shortened - those transitions are NOT at the requested length. (Callers that redraw on a short push, e.g. binned_slate_collection.py, handle this themselves; check realized = ||stop-start||.)
WARNING pile-aware: 4/32 pushes cannot travel their requested length even from a clamped start, and were shortened - those transitions are NOT at the requested length. (Callers that redraw on a short push, e.g. binned_slate_collection.py, handle this themselves; check realized = ||stop-start||.)
WARNING pile-aware: 7/32 pushes cannot travel their requested length even from a clamped start, and were shortened - those transitions are NOT at the requested length. (Callers that redraw on a short push, e.g. binned_slate_collection.py, handle this themselves; check realized = ||stop-start||.)
WARNING pile-aware: 10/32 pushes cannot travel their requested length even from a clamped start, and were shortened - those transitions are NOT at the requested length. (Callers that redraw on a short push, e.g. binned_slate_collection.py, handle this themselves; check realized = ||stop-start||.)
WARNING pile-aware: 6/32 pushes cannot travel their requested length even from a clamped start, and were shortened - those transitions are NOT at the requested length. (Callers that redraw on a short push, e.g. binned_slate_collection.py, handle this themselves; check realized = ||stop-start||.)
WARNING pile-aware: 3/32 pushes cannot travel their requested length even from a clamped start, and were shortened - those transitions are NOT at the requested length. (Callers that redraw on a short push, e.g. binned_slate_collection.py, handle this themselves; check realized = ||stop-start||.)
WARNING pile-aware: 5/32 pushes cannot travel their requested length even from a clamped start, and were shortened - those transitions are NOT at the requested length. (Callers that redraw on a short push, e.g. binned_slate_collection.py, handle this themselves; check realized = ||stop-start||.)
WARNING pile-aware: 6/32 pushes cannot travel their requested length even from a clamped start, and were shortened - those transitions are NOT at the requested length. (Callers that redraw on a short push, e.g. binned_slate_collection.py, handle this themselves; check realized = ||stop-start||.)
WARNING pile-aware: 4/32 pushes cannot travel their requested length even from a clamped start, and were shortened - those transitions are NOT at the requested length. (Callers that redraw on a short push, e.g. binned_slate_collection.py, handle this themselves; check realized = ||stop-start||.)
WARNING pile-aware: 9/32 pushes cannot travel their requested length even from a clamped start, and were shortened - those transitions are NOT at the requested length. (Callers that redraw on a short push, e.g. binned_slate_collection.py, handle this themselves; check realized = ||stop-start||.)
WARNING pile-aware: 4/32 pushes cannot travel their requested length even from a clamped start, and were shortened - those transitions are NOT at the requested length. (Callers that redraw on a short push, e.g. binned_slate_collection.py, handle this themselves; check realized = ||stop-start||.)
WARNING pile-aware: 10/32 pushes cannot travel their requested length even from a clamped start, and were shortened - those transitions are NOT at the requested length. (Callers that redraw on a short push, e.g. binned_slate_collection.py, handle this themselves; check realized = ||stop-start||.)
chunk 18: 256 rows, 256 valid, single-layer after 256, 160s
WARNING pile-aware: 7/32 pushes cannot travel their requested length even from a clamped start, and were shortened - those transitions are NOT at the requested length. (Callers that redraw on a short push, e.g. binned_slate_collection.py, handle this themselves; check realized = ||stop-start||.)
WARNING pile-aware: 10/32 pushes cannot travel their requested length even from a clamped start, and were shortened - those transitions are NOT at the requested length. (Callers that redraw on a short push, e.g. binned_slate_collection.py, handle this themselves; check realized = ||stop-start||.)
WARNING pile-aware: 7/32 pushes cannot travel their requested length even from a clamped start, and were shortened - those transitions are NOT at the requested length. (Callers that redraw on a short push, e.g. binned_slate_collection.py, handle this themselves; check realized = ||stop-start||.)
WARNING pile-aware: 6/32 pushes cannot travel their requested length even from a clamped start, and were shortened - those transitions are NOT at the requested length. (Callers that redraw on a short push, e.g. binned_slate_collection.py, handle this themselves; check realized = ||stop-start||.)
WARNING pile-aware: 9/32 pushes cannot travel their requested length even from a clamped start, and were shortened - those transitions are NOT at the requested length. (Callers that redraw on a short push, e.g. binned_slate_collection.py, handle this themselves; check realized = ||stop-start||.)
WARNING pile-aware: 7/32 pushes cannot travel their requested length even from a clamped start, and were shortened - those transitions are NOT at the requested length. (Callers that redraw on a short push, e.g. binned_slate_collection.py, handle this themselves; check realized = ||stop-start||.)
WARNING pile-aware: 7/32 pushes cannot travel their requested length even from a clamped start, and were shortened - those transitions are NOT at the requested length. (Callers that redraw on a short push, e.g. binned_slate_collection.py, handle this themselves; check realized = ||stop-start||.)
WARNING pile-aware: 3/32 pushes cannot travel their requested length even from a clamped start, and were shortened - those transitions are NOT at the requested length. (Callers that redraw on a short push, e.g. binned_slate_collection.py, handle this themselves; check realized = ||stop-start||.)
WARNING pile-aware: 8/32 pushes cannot travel their requested length even from a clamped start, and were shortened - those transitions are NOT at the requested length. (Callers that redraw on a short push, e.g. binned_slate_collection.py, handle this themselves; check realized = ||stop-start||.)
WARNING pile-aware: 9/32 pushes cannot travel their requested length even from a clamped start, and were shortened - those transitions are NOT at the requested length. (Callers that redraw on a short push, e.g. binned_slate_collection.py, handle this themselves; check realized = ||stop-start||.)
WARNING pile-aware: 12/32 pushes cannot travel their requested length even from a clamped start, and were shortened - those transitions are NOT at the requested length. (Callers that redraw on a short push, e.g. binned_slate_collection.py, handle this themselves; check realized = ||stop-start||.)
WARNING pile-aware: 3/32 pushes cannot travel their requested length even from a clamped start, and were shortened - those transitions are NOT at the requested length. (Callers that redraw on a short push, e.g. binned_slate_collection.py, handle this themselves; check realized = ||stop-start||.)
WARNING pile-aware: 7/32 pushes cannot travel their requested length even from a clamped start, and were shortened - those transitions are NOT at the requested length. (Callers that redraw on a short push, e.g. binned_slate_collection.py, handle this themselves; check realized = ||stop-start||.)
WARNING pile-aware: 3/32 pushes cannot travel their requested length even from a clamped start, and were shortened - those transitions are NOT at the requested length. (Callers that redraw on a short push, e.g. binned_slate_collection.py, handle this themselves; check realized = ||stop-start||.)
WARNING pile-aware: 6/32 pushes cannot travel their requested length even from a clamped start, and were shortened - those transitions are NOT at the requested length. (Callers that redraw on a short push, e.g. binned_slate_collection.py, handle this themselves; check realized = ||stop-start||.)
WARNING pile-aware: 5/32 pushes cannot travel their requested length even from a clamped start, and were shortened - those transitions are NOT at the requested length. (Callers that redraw on a short push, e.g. binned_slate_collection.py, handle this themselves; check realized = ||stop-start||.)
WARNING pile-aware: 5/32 pushes cannot travel their requested length even from a clamped start, and were shortened - those transitions are NOT at the requested length. (Callers that redraw on a short push, e.g. binned_slate_collection.py, handle this themselves; check realized = ||stop-start||.)
WARNING pile-aware: 4/32 pushes cannot travel their requested length even from a clamped start, and were shortened - those transitions are NOT at the requested length. (Callers that redraw on a short push, e.g. binned_slate_collection.py, handle this themselves; check realized = ||stop-start||.)
WARNING pile-aware: 2/32 pushes cannot travel their requested length even from a clamped start, and were shortened - those transitions are NOT at the requested length. (Callers that redraw on a short push, e.g. binned_slate_collection.py, handle this themselves; check realized = ||stop-start||.)
WARNING pile-aware: 6/32 pushes cannot travel their requested length even from a clamped start, and were shortened - those transitions are NOT at the requested length. (Callers that redraw on a short push, e.g. binned_slate_collection.py, handle this themselves; check realized = ||stop-start||.)
WARNING pile-aware: 4/32 pushes cannot travel their requested length even from a clamped start, and were shortened - those transitions are NOT at the requested length. (Callers that redraw on a short push, e.g. binned_slate_collection.py, handle this themselves; check realized = ||stop-start||.)
WARNING pile-aware: 10/32 pushes cannot travel their requested length even from a clamped start, and were shortened - those transitions are NOT at the requested length. (Callers that redraw on a short push, e.g. binned_slate_collection.py, handle this themselves; check realized = ||stop-start||.)
WARNING pile-aware: 4/32 pushes cannot travel their requested length even from a clamped start, and were shortened - those transitions are NOT at the requested length. (Callers that redraw on a short push, e.g. binned_slate_collection.py, handle this themselves; check realized = ||stop-start||.)
WARNING pile-aware: 8/32 pushes cannot travel their requested length even from a clamped start, and were shortened - those transitions are NOT at the requested length. (Callers that redraw on a short push, e.g. binned_slate_collection.py, handle this themselves; check realized = ||stop-start||.)
WARNING pile-aware: 7/32 pushes cannot travel their requested length even from a clamped start, and were shortened - those transitions are NOT at the requested length. (Callers that redraw on a short push, e.g. binned_slate_collection.py, handle this themselves; check realized = ||stop-start||.)
WARNING pile-aware: 3/32 pushes cannot travel their requested length even from a clamped start, and were shortened - those transitions are NOT at the requested length. (Callers that redraw on a short push, e.g. binned_slate_collection.py, handle this themselves; check realized = ||stop-start||.)
chunk 19: 256 rows, 256 valid, single-layer after 256, 143s
WARNING pile-aware: 10/32 pushes cannot travel their requested length even from a clamped start, and were shortened - those transitions are NOT at the requested length. (Callers that redraw on a short push, e.g. binned_slate_collection.py, handle this themselves; check realized = ||stop-start||.)
WARNING pile-aware: 9/32 pushes cannot travel their requested length even from a clamped start, and were shortened - those transitions are NOT at the requested length. (Callers that redraw on a short push, e.g. binned_slate_collection.py, handle this themselves; check realized = ||stop-start||.)
WARNING pile-aware: 12/32 pushes cannot travel their requested length even from a clamped start, and were shortened - those transitions are NOT at the requested length. (Callers that redraw on a short push, e.g. binned_slate_collection.py, handle this themselves; check realized = ||stop-start||.)
WARNING pile-aware: 14/32 pushes cannot travel their requested length even from a clamped start, and were shortened - those transitions are NOT at the requested length. (Callers that redraw on a short push, e.g. binned_slate_collection.py, handle this themselves; check realized = ||stop-start||.)
WARNING pile-aware: 9/32 pushes cannot travel their requested length even from a clamped start, and were shortened - those transitions are NOT at the requested length. (Callers that redraw on a short push, e.g. binned_slate_collection.py, handle this themselves; check realized = ||stop-start||.)
WARNING pile-aware: 9/32 pushes cannot travel their requested length even from a clamped start, and were shortened - those transitions are NOT at the requested length. (Callers that redraw on a short push, e.g. binned_slate_collection.py, handle this themselves; check realized = ||stop-start||.)
WARNING pile-aware: 8/32 pushes cannot travel their requested length even from a clamped start, and were shortened - those transitions are NOT at the requested length. (Callers that redraw on a short push, e.g. binned_slate_collection.py, handle this themselves; check realized = ||stop-start||.)
WARNING pile-aware: 6/32 pushes cannot travel their requested length even from a clamped start, and were shortened - those transitions are NOT at the requested length. (Callers that redraw on a short push, e.g. binned_slate_collection.py, handle this themselves; check realized = ||stop-start||.)
WARNING pile-aware: 8/32 pushes cannot travel their requested length even from a clamped start, and were shortened - those transitions are NOT at the requested length. (Callers that redraw on a short push, e.g. binned_slate_collection.py, handle this themselves; check realized = ||stop-start||.)
WARNING pile-aware: 10/32 pushes cannot travel their requested length even from a clamped start, and were shortened - those transitions are NOT at the requested length. (Callers that redraw on a short push, e.g. binned_slate_collection.py, handle this themselves; check realized = ||stop-start||.)
WARNING pile-aware: 9/32 pushes cannot travel their requested length even from a clamped start, and were shortened - those transitions are NOT at the requested length. (Callers that redraw on a short push, e.g. binned_slate_collection.py, handle this themselves; check realized = ||stop-start||.)
WARNING pile-aware: 6/32 pushes cannot travel their requested length even from a clamped start, and were shortened - those transitions are NOT at the requested length. (Callers that redraw on a short push, e.g. binned_slate_collection.py, handle this themselves; check realized = ||stop-start||.)
WARNING pile-aware: 8/32 pushes cannot travel their requested length even from a clamped start, and were shortened - those transitions are NOT at the requested length. (Callers that redraw on a short push, e.g. binned_slate_collection.py, handle this themselves; check realized = ||stop-start||.)
WARNING pile-aware: 7/32 pushes cannot travel their requested length even from a clamped start, and were shortened - those transitions are NOT at the requested length. (Callers that redraw on a short push, e.g. binned_slate_collection.py, handle this themselves; check realized = ||stop-start||.)
WARNING pile-aware: 8/32 pushes cannot travel their requested length even from a clamped start, and were shortened - those transitions are NOT at the requested length. (Callers that redraw on a short push, e.g. binned_slate_collection.py, handle this themselves; check realized = ||stop-start||.)
WARNING pile-aware: 4/32 pushes cannot travel their requested length even from a clamped start, and were shortened - those transitions are NOT at the requested length. (Callers that redraw on a short push, e.g. binned_slate_collection.py, handle this themselves; check realized = ||stop-start||.)
WARNING pile-aware: 10/32 pushes cannot travel their requested length even from a clamped start, and were shortened - those transitions are NOT at the requested length. (Callers that redraw on a short push, e.g. binned_slate_collection.py, handle this themselves; check realized = ||stop-start||.)
WARNING pile-aware: 5/32 pushes cannot travel their requested length even from a clamped start, and were shortened - those transitions are NOT at the requested length. (Callers that redraw on a short push, e.g. binned_slate_collection.py, handle this themselves; check realized = ||stop-start||.)
WARNING pile-aware: 6/32 pushes cannot travel their requested length even from a clamped start, and were shortened - those transitions are NOT at the requested length. (Callers that redraw on a short push, e.g. binned_slate_collection.py, handle this themselves; check realized = ||stop-start||.)
WARNING pile-aware: 12/32 pushes cannot travel their requested length even from a clamped start, and were shortened - those transitions are NOT at the requested length. (Callers that redraw on a short push, e.g. binned_slate_collection.py, handle this themselves; check realized = ||stop-start||.)
WARNING pile-aware: 4/32 pushes cannot travel their requested length even from a clamped start, and were shortened - those transitions are NOT at the requested length. (Callers that redraw on a short push, e.g. binned_slate_collection.py, handle this themselves; check realized = ||stop-start||.)
WARNING pile-aware: 4/32 pushes cannot travel their requested length even from a clamped start, and were shortened - those transitions are NOT at the requested length. (Callers that redraw on a short push, e.g. binned_slate_collection.py, handle this themselves; check realized = ||stop-start||.)
WARNING pile-aware: 6/32 pushes cannot travel their requested length even from a clamped start, and were shortened - those transitions are NOT at the requested length. (Callers that redraw on a short push, e.g. binned_slate_collection.py, handle this themselves; check realized = ||stop-start||.)
WARNING pile-aware: 11/32 pushes cannot travel their requested length even from a clamped start, and were shortened - those transitions are NOT at the requested length. (Callers that redraw on a short push, e.g. binned_slate_collection.py, handle this themselves; check realized = ||stop-start||.)
WARNING pile-aware: 5/32 pushes cannot travel their requested length even from a clamped start, and were shortened - those transitions are NOT at the requested length. (Callers that redraw on a short push, e.g. binned_slate_collection.py, handle this themselves; check realized = ||stop-start||.)
WARNING pile-aware: 5/32 pushes cannot travel their requested length even from a clamped start, and were shortened - those transitions are NOT at the requested length. (Callers that redraw on a short push, e.g. binned_slate_collection.py, handle this themselves; check realized = ||stop-start||.)
WARNING pile-aware: 8/32 pushes cannot travel their requested length even from a clamped start, and were shortened - those transitions are NOT at the requested length. (Callers that redraw on a short push, e.g. binned_slate_collection.py, handle this themselves; check realized = ||stop-start||.)
WARNING pile-aware: 11/32 pushes cannot travel their requested length even from a clamped start, and were shortened - those transitions are NOT at the requested length. (Callers that redraw on a short push, e.g. binned_slate_collection.py, handle this themselves; check realized = ||stop-start||.)
WARNING pile-aware: 6/32 pushes cannot travel their requested length even from a clamped start, and were shortened - those transitions are NOT at the requested length. (Callers that redraw on a short push, e.g. binned_slate_collection.py, handle this themselves; check realized = ||stop-start||.)
WARNING pile-aware: 8/32 pushes cannot travel their requested length even from a clamped start, and were shortened - those transitions are NOT at the requested length. (Callers that redraw on a short push, e.g. binned_slate_collection.py, handle this themselves; check realized = ||stop-start||.)
WARNING pile-aware: 9/32 pushes cannot travel their requested length even from a clamped start, and were shortened - those transitions are NOT at the requested length. (Callers that redraw on a short push, e.g. binned_slate_collection.py, handle this themselves; check realized = ||stop-start||.)
WARNING pile-aware: 6/32 pushes cannot travel their requested length even from a clamped start, and were shortened - those transitions are NOT at the requested length. (Callers that redraw on a short push, e.g. binned_slate_collection.py, handle this themselves; check realized = ||stop-start||.)
WARNING pile-aware: 9/32 pushes cannot travel their requested length even from a clamped start, and were shortened - those transitions are NOT at the requested length. (Callers that redraw on a short push, e.g. binned_slate_collection.py, handle this themselves; check realized = ||stop-start||.)
chunk 20: 256 rows, 256 valid, single-layer after 256, 106s
WARNING pile-aware: 3/32 pushes cannot travel their requested length even from a clamped start, and were shortened - those transitions are NOT at the requested length. (Callers that redraw on a short push, e.g. binned_slate_collection.py, handle this themselves; check realized = ||stop-start||.)
WARNING pile-aware: 6/32 pushes cannot travel their requested length even from a clamped start, and were shortened - those transitions are NOT at the requested length. (Callers that redraw on a short push, e.g. binned_slate_collection.py, handle this themselves; check realized = ||stop-start||.)
WARNING pile-aware: 4/32 pushes cannot travel their requested length even from a clamped start, and were shortened - those transitions are NOT at the requested length. (Callers that redraw on a short push, e.g. binned_slate_collection.py, handle this themselves; check realized = ||stop-start||.)
WARNING pile-aware: 5/32 pushes cannot travel their requested length even from a clamped start, and were shortened - those transitions are NOT at the requested length. (Callers that redraw on a short push, e.g. binned_slate_collection.py, handle this themselves; check realized = ||stop-start||.)
WARNING pile-aware: 7/32 pushes cannot travel their requested length even from a clamped start, and were shortened - those transitions are NOT at the requested length. (Callers that redraw on a short push, e.g. binned_slate_collection.py, handle this themselves; check realized = ||stop-start||.)
WARNING pile-aware: 5/32 pushes cannot travel their requested length even from a clamped start, and were shortened - those transitions are NOT at the requested length. (Callers that redraw on a short push, e.g. binned_slate_collection.py, handle this themselves; check realized = ||stop-start||.)
WARNING pile-aware: 7/32 pushes cannot travel their requested length even from a clamped start, and were shortened - those transitions are NOT at the requested length. (Callers that redraw on a short push, e.g. binned_slate_collection.py, handle this themselves; check realized = ||stop-start||.)
WARNING pile-aware: 5/32 pushes cannot travel their requested length even from a clamped start, and were shortened - those transitions are NOT at the requested length. (Callers that redraw on a short push, e.g. binned_slate_collection.py, handle this themselves; check realized = ||stop-start||.)
WARNING pile-aware: 5/32 pushes cannot travel their requested length even from a clamped start, and were shortened - those transitions are NOT at the requested length. (Callers that redraw on a short push, e.g. binned_slate_collection.py, handle this themselves; check realized = ||stop-start||.)
WARNING pile-aware: 7/32 pushes cannot travel their requested length even from a clamped start, and were shortened - those transitions are NOT at the requested length. (Callers that redraw on a short push, e.g. binned_slate_collection.py, handle this themselves; check realized = ||stop-start||.)
WARNING pile-aware: 4/32 pushes cannot travel their requested length even from a clamped start, and were shortened - those transitions are NOT at the requested length. (Callers that redraw on a short push, e.g. binned_slate_collection.py, handle this themselves; check realized = ||stop-start||.)
WARNING pile-aware: 8/32 pushes cannot travel their requested length even from a clamped start, and were shortened - those transitions are NOT at the requested length. (Callers that redraw on a short push, e.g. binned_slate_collection.py, handle this themselves; check realized = ||stop-start||.)
WARNING pile-aware: 9/32 pushes cannot travel their requested length even from a clamped start, and were shortened - those transitions are NOT at the requested length. (Callers that redraw on a short push, e.g. binned_slate_collection.py, handle this themselves; check realized = ||stop-start||.)
WARNING pile-aware: 4/32 pushes cannot travel their requested length even from a clamped start, and were shortened - those transitions are NOT at the requested length. (Callers that redraw on a short push, e.g. binned_slate_collection.py, handle this themselves; check realized = ||stop-start||.)
WARNING pile-aware: 5/32 pushes cannot travel their requested length even from a clamped start, and were shortened - those transitions are NOT at the requested length. (Callers that redraw on a short push, e.g. binned_slate_collection.py, handle this themselves; check realized = ||stop-start||.)
WARNING pile-aware: 6/32 pushes cannot travel their requested length even from a clamped start, and were shortened - those transitions are NOT at the requested length. (Callers that redraw on a short push, e.g. binned_slate_collection.py, handle this themselves; check realized = ||stop-start||.)
WARNING pile-aware: 6/32 pushes cannot travel their requested length even from a clamped start, and were shortened - those transitions are NOT at the requested length. (Callers that redraw on a short push, e.g. binned_slate_collection.py, handle this themselves; check realized = ||stop-start||.)
WARNING pile-aware: 8/32 pushes cannot travel their requested length even from a clamped start, and were shortened - those transitions are NOT at the requested length. (Callers that redraw on a short push, e.g. binned_slate_collection.py, handle this themselves; check realized = ||stop-start||.)
WARNING pile-aware: 7/32 pushes cannot travel their requested length even from a clamped start, and were shortened - those transitions are NOT at the requested length. (Callers that redraw on a short push, e.g. binned_slate_collection.py, handle this themselves; check realized = ||stop-start||.)
WARNING pile-aware: 8/32 pushes cannot travel their requested length even from a clamped start, and were shortened - those transitions are NOT at the requested length. (Callers that redraw on a short push, e.g. binned_slate_collection.py, handle this themselves; check realized = ||stop-start||.)
WARNING pile-aware: 3/32 pushes cannot travel their requested length even from a clamped start, and were shortened - those transitions are NOT at the requested length. (Callers that redraw on a short push, e.g. binned_slate_collection.py, handle this themselves; check realized = ||stop-start||.)
WARNING pile-aware: 10/32 pushes cannot travel their requested length even from a clamped start, and were shortened - those transitions are NOT at the requested length. (Callers that redraw on a short push, e.g. binned_slate_collection.py, handle this themselves; check realized = ||stop-start||.)
WARNING pile-aware: 3/32 pushes cannot travel their requested length even from a clamped start, and were shortened - those transitions are NOT at the requested length. (Callers that redraw on a short push, e.g. binned_slate_collection.py, handle this themselves; check realized = ||stop-start||.)
WARNING pile-aware: 7/32 pushes cannot travel their requested length even from a clamped start, and were shortened - those transitions are NOT at the requested length. (Callers that redraw on a short push, e.g. binned_slate_collection.py, handle this themselves; check realized = ||stop-start||.)
WARNING pile-aware: 4/32 pushes cannot travel their requested length even from a clamped start, and were shortened - those transitions are NOT at the requested length. (Callers that redraw on a short push, e.g. binned_slate_collection.py, handle this themselves; check realized = ||stop-start||.)
WARNING pile-aware: 8/32 pushes cannot travel their requested length even from a clamped start, and were shortened - those transitions are NOT at the requested length. (Callers that redraw on a short push, e.g. binned_slate_collection.py, handle this themselves; check realized = ||stop-start||.)
WARNING pile-aware: 6/32 pushes cannot travel their requested length even from a clamped start, and were shortened - those transitions are NOT at the requested length. (Callers that redraw on a short push, e.g. binned_slate_collection.py, handle this themselves; check realized = ||stop-start||.)
WARNING pile-aware: 7/32 pushes cannot travel their requested length even from a clamped start, and were shortened - those transitions are NOT at the requested length. (Callers that redraw on a short push, e.g. binned_slate_collection.py, handle this themselves; check realized = ||stop-start||.)
chunk 21: 256 rows, 256 valid, single-layer after 256, 89s
WARNING pile-aware: 8/32 pushes cannot travel their requested length even from a clamped start, and were shortened - those transitions are NOT at the requested length. (Callers that redraw on a short push, e.g. binned_slate_collection.py, handle this themselves; check realized = ||stop-start||.)
WARNING pile-aware: 6/32 pushes cannot travel their requested length even from a clamped start, and were shortened - those transitions are NOT at the requested length. (Callers that redraw on a short push, e.g. binned_slate_collection.py, handle this themselves; check realized = ||stop-start||.)
WARNING pile-aware: 9/32 pushes cannot travel their requested length even from a clamped start, and were shortened - those transitions are NOT at the requested length. (Callers that redraw on a short push, e.g. binned_slate_collection.py, handle this themselves; check realized = ||stop-start||.)
WARNING pile-aware: 2/32 pushes cannot travel their requested length even from a clamped start, and were shortened - those transitions are NOT at the requested length. (Callers that redraw on a short push, e.g. binned_slate_collection.py, handle this themselves; check realized = ||stop-start||.)
WARNING pile-aware: 8/32 pushes cannot travel their requested length even from a clamped start, and were shortened - those transitions are NOT at the requested length. (Callers that redraw on a short push, e.g. binned_slate_collection.py, handle this themselves; check realized = ||stop-start||.)
WARNING pile-aware: 9/32 pushes cannot travel their requested length even from a clamped start, and were shortened - those transitions are NOT at the requested length. (Callers that redraw on a short push, e.g. binned_slate_collection.py, handle this themselves; check realized = ||stop-start||.)
WARNING pile-aware: 6/32 pushes cannot travel their requested length even from a clamped start, and were shortened - those transitions are NOT at the requested length. (Callers that redraw on a short push, e.g. binned_slate_collection.py, handle this themselves; check realized = ||stop-start||.)
WARNING pile-aware: 11/32 pushes cannot travel their requested length even from a clamped start, and were shortened - those transitions are NOT at the requested length. (Callers that redraw on a short push, e.g. binned_slate_collection.py, handle this themselves; check realized = ||stop-start||.)
WARNING pile-aware: 7/32 pushes cannot travel their requested length even from a clamped start, and were shortened - those transitions are NOT at the requested length. (Callers that redraw on a short push, e.g. binned_slate_collection.py, handle this themselves; check realized = ||stop-start||.)
WARNING pile-aware: 7/32 pushes cannot travel their requested length even from a clamped start, and were shortened - those transitions are NOT at the requested length. (Callers that redraw on a short push, e.g. binned_slate_collection.py, handle this themselves; check realized = ||stop-start||.)
WARNING pile-aware: 5/32 pushes cannot travel their requested length even from a clamped start, and were shortened - those transitions are NOT at the requested length. (Callers that redraw on a short push, e.g. binned_slate_collection.py, handle this themselves; check realized = ||stop-start||.)
WARNING pile-aware: 6/32 pushes cannot travel their requested length even from a clamped start, and were shortened - those transitions are NOT at the requested length. (Callers that redraw on a short push, e.g. binned_slate_collection.py, handle this themselves; check realized = ||stop-start||.)
WARNING pile-aware: 7/32 pushes cannot travel their requested length even from a clamped start, and were shortened - those transitions are NOT at the requested length. (Callers that redraw on a short push, e.g. binned_slate_collection.py, handle this themselves; check realized = ||stop-start||.)
WARNING pile-aware: 3/32 pushes cannot travel their requested length even from a clamped start, and were shortened - those transitions are NOT at the requested length. (Callers that redraw on a short push, e.g. binned_slate_collection.py, handle this themselves; check realized = ||stop-start||.)
WARNING pile-aware: 4/32 pushes cannot travel their requested length even from a clamped start, and were shortened - those transitions are NOT at the requested length. (Callers that redraw on a short push, e.g. binned_slate_collection.py, handle this themselves; check realized = ||stop-start||.)
WARNING pile-aware: 9/32 pushes cannot travel their requested length even from a clamped start, and were shortened - those transitions are NOT at the requested length. (Callers that redraw on a short push, e.g. binned_slate_collection.py, handle this themselves; check realized = ||stop-start||.)
WARNING pile-aware: 6/32 pushes cannot travel their requested length even from a clamped start, and were shortened - those transitions are NOT at the requested length. (Callers that redraw on a short push, e.g. binned_slate_collection.py, handle this themselves; check realized = ||stop-start||.)
WARNING pile-aware: 6/32 pushes cannot travel their requested length even from a clamped start, and were shortened - those transitions are NOT at the requested length. (Callers that redraw on a short push, e.g. binned_slate_collection.py, handle this themselves; check realized = ||stop-start||.)
WARNING pile-aware: 10/32 pushes cannot travel their requested length even from a clamped start, and were shortened - those transitions are NOT at the requested length. (Callers that redraw on a short push, e.g. binned_slate_collection.py, handle this themselves; check realized = ||stop-start||.)
WARNING pile-aware: 11/32 pushes cannot travel their requested length even from a clamped start, and were shortened - those transitions are NOT at the requested length. (Callers that redraw on a short push, e.g. binned_slate_collection.py, handle this themselves; check realized = ||stop-start||.)
WARNING pile-aware: 10/32 pushes cannot travel their requested length even from a clamped start, and were shortened - those transitions are NOT at the requested length. (Callers that redraw on a short push, e.g. binned_slate_collection.py, handle this themselves; check realized = ||stop-start||.)
WARNING pile-aware: 6/32 pushes cannot travel their requested length even from a clamped start, and were shortened - those transitions are NOT at the requested length. (Callers that redraw on a short push, e.g. binned_slate_collection.py, handle this themselves; check realized = ||stop-start||.)
WARNING pile-aware: 9/32 pushes cannot travel their requested length even from a clamped start, and were shortened - those transitions are NOT at the requested length. (Callers that redraw on a short push, e.g. binned_slate_collection.py, handle this themselves; check realized = ||stop-start||.)
WARNING pile-aware: 4/32 pushes cannot travel their requested length even from a clamped start, and were shortened - those transitions are NOT at the requested length. (Callers that redraw on a short push, e.g. binned_slate_collection.py, handle this themselves; check realized = ||stop-start||.)
WARNING pile-aware: 4/32 pushes cannot travel their requested length even from a clamped start, and were shortened - those transitions are NOT at the requested length. (Callers that redraw on a short push, e.g. binned_slate_collection.py, handle this themselves; check realized = ||stop-start||.)
WARNING pile-aware: 7/32 pushes cannot travel their requested length even from a clamped start, and were shortened - those transitions are NOT at the requested length. (Callers that redraw on a short push, e.g. binned_slate_collection.py, handle this themselves; check realized = ||stop-start||.)
WARNING pile-aware: 10/32 pushes cannot travel their requested length even from a clamped start, and were shortened - those transitions are NOT at the requested length. (Callers that redraw on a short push, e.g. binned_slate_collection.py, handle this themselves; check realized = ||stop-start||.)
WARNING pile-aware: 8/32 pushes cannot travel their requested length even from a clamped start, and were shortened - those transitions are NOT at the requested length. (Callers that redraw on a short push, e.g. binned_slate_collection.py, handle this themselves; check realized = ||stop-start||.)
WARNING pile-aware: 8/32 pushes cannot travel their requested length even from a clamped start, and were shortened - those transitions are NOT at the requested length. (Callers that redraw on a short push, e.g. binned_slate_collection.py, handle this themselves; check realized = ||stop-start||.)
chunk 22: 256 rows, 256 valid, single-layer after 256, 51s
WARNING pile-aware: 5/32 pushes cannot travel their requested length even from a clamped start, and were shortened - those transitions are NOT at the requested length. (Callers that redraw on a short push, e.g. binned_slate_collection.py, handle this themselves; check realized = ||stop-start||.)
WARNING pile-aware: 8/32 pushes cannot travel their requested length even from a clamped start, and were shortened - those transitions are NOT at the requested length. (Callers that redraw on a short push, e.g. binned_slate_collection.py, handle this themselves; check realized = ||stop-start||.)
WARNING pile-aware: 10/32 pushes cannot travel their requested length even from a clamped start, and were shortened - those transitions are NOT at the requested length. (Callers that redraw on a short push, e.g. binned_slate_collection.py, handle this themselves; check realized = ||stop-start||.)
WARNING pile-aware: 9/32 pushes cannot travel their requested length even from a clamped start, and were shortened - those transitions are NOT at the requested length. (Callers that redraw on a short push, e.g. binned_slate_collection.py, handle this themselves; check realized = ||stop-start||.)
WARNING pile-aware: 7/32 pushes cannot travel their requested length even from a clamped start, and were shortened - those transitions are NOT at the requested length. (Callers that redraw on a short push, e.g. binned_slate_collection.py, handle this themselves; check realized = ||stop-start||.)
WARNING pile-aware: 14/32 pushes cannot travel their requested length even from a clamped start, and were shortened - those transitions are NOT at the requested length. (Callers that redraw on a short push, e.g. binned_slate_collection.py, handle this themselves; check realized = ||stop-start||.)
WARNING pile-aware: 4/32 pushes cannot travel their requested length even from a clamped start, and were shortened - those transitions are NOT at the requested length. (Callers that redraw on a short push, e.g. binned_slate_collection.py, handle this themselves; check realized = ||stop-start||.)
WARNING pile-aware: 4/32 pushes cannot travel their requested length even from a clamped start, and were shortened - those transitions are NOT at the requested length. (Callers that redraw on a short push, e.g. binned_slate_collection.py, handle this themselves; check realized = ||stop-start||.)
WARNING pile-aware: 4/32 pushes cannot travel their requested length even from a clamped start, and were shortened - those transitions are NOT at the requested length. (Callers that redraw on a short push, e.g. binned_slate_collection.py, handle this themselves; check realized = ||stop-start||.)
WARNING pile-aware: 8/32 pushes cannot travel their requested length even from a clamped start, and were shortened - those transitions are NOT at the requested length. (Callers that redraw on a short push, e.g. binned_slate_collection.py, handle this themselves; check realized = ||stop-start||.)
WARNING pile-aware: 2/32 pushes cannot travel their requested length even from a clamped start, and were shortened - those transitions are NOT at the requested length. (Callers that redraw on a short push, e.g. binned_slate_collection.py, handle this themselves; check realized = ||stop-start||.)
WARNING pile-aware: 11/32 pushes cannot travel their requested length even from a clamped start, and were shortened - those transitions are NOT at the requested length. (Callers that redraw on a short push, e.g. binned_slate_collection.py, handle this themselves; check realized = ||stop-start||.)
WARNING pile-aware: 7/32 pushes cannot travel their requested length even from a clamped start, and were shortened - those transitions are NOT at the requested length. (Callers that redraw on a short push, e.g. binned_slate_collection.py, handle this themselves; check realized = ||stop-start||.)
WARNING pile-aware: 8/32 pushes cannot travel their requested length even from a clamped start, and were shortened - those transitions are NOT at the requested length. (Callers that redraw on a short push, e.g. binned_slate_collection.py, handle this themselves; check realized = ||stop-start||.)
WARNING pile-aware: 7/32 pushes cannot travel their requested length even from a clamped start, and were shortened - those transitions are NOT at the requested length. (Callers that redraw on a short push, e.g. binned_slate_collection.py, handle this themselves; check realized = ||stop-start||.)
WARNING pile-aware: 3/32 pushes cannot travel their requested length even from a clamped start, and were shortened - those transitions are NOT at the requested length. (Callers that redraw on a short push, e.g. binned_slate_collection.py, handle this themselves; check realized = ||stop-start||.)
WARNING pile-aware: 7/32 pushes cannot travel their requested length even from a clamped start, and were shortened - those transitions are NOT at the requested length. (Callers that redraw on a short push, e.g. binned_slate_collection.py, handle this themselves; check realized = ||stop-start||.)
WARNING pile-aware: 3/32 pushes cannot travel their requested length even from a clamped start, and were shortened - those transitions are NOT at the requested length. (Callers that redraw on a short push, e.g. binned_slate_collection.py, handle this themselves; check realized = ||stop-start||.)
WARNING pile-aware: 6/32 pushes cannot travel their requested length even from a clamped start, and were shortened - those transitions are NOT at the requested length. (Callers that redraw on a short push, e.g. binned_slate_collection.py, handle this themselves; check realized = ||stop-start||.)
WARNING pile-aware: 4/32 pushes cannot travel their requested length even from a clamped start, and were shortened - those transitions are NOT at the requested length. (Callers that redraw on a short push, e.g. binned_slate_collection.py, handle this themselves; check realized = ||stop-start||.)
WARNING pile-aware: 11/32 pushes cannot travel their requested length even from a clamped start, and were shortened - those transitions are NOT at the requested length. (Callers that redraw on a short push, e.g. binned_slate_collection.py, handle this themselves; check realized = ||stop-start||.)
WARNING pile-aware: 9/32 pushes cannot travel their requested length even from a clamped start, and were shortened - those transitions are NOT at the requested length. (Callers that redraw on a short push, e.g. binned_slate_collection.py, handle this themselves; check realized = ||stop-start||.)
WARNING pile-aware: 4/32 pushes cannot travel their requested length even from a clamped start, and were shortened - those transitions are NOT at the requested length. (Callers that redraw on a short push, e.g. binned_slate_collection.py, handle this themselves; check realized = ||stop-start||.)
WARNING pile-aware: 6/32 pushes cannot travel their requested length even from a clamped start, and were shortened - those transitions are NOT at the requested length. (Callers that redraw on a short push, e.g. binned_slate_collection.py, handle this themselves; check realized = ||stop-start||.)
WARNING pile-aware: 7/32 pushes cannot travel their requested length even from a clamped start, and were shortened - those transitions are NOT at the requested length. (Callers that redraw on a short push, e.g. binned_slate_collection.py, handle this themselves; check realized = ||stop-start||.)
WARNING pile-aware: 5/32 pushes cannot travel their requested length even from a clamped start, and were shortened - those transitions are NOT at the requested length. (Callers that redraw on a short push, e.g. binned_slate_collection.py, handle this themselves; check realized = ||stop-start||.)
chunk 23: 256 rows, 256 valid, single-layer after 256, 55s
[38;5;159m[Genesis] [05:27:04] [INFO] 💤 Exiting Genesis and caching compiled kernels...[0m
